-- phpMyAdmin SQL Dump
-- version 4.8.0
-- https://www.phpmyadmin.net/
--
-- Máy chủ: 127.0.0.1
-- Thời gian đã tạo: Th6 25, 2018 lúc 06:06 AM
-- Phiên bản máy phục vụ: 10.1.31-MariaDB
-- Phiên bản PHP: 5.6.35

SET SQL_MODE = "NO_AUTO_VALUE_ON_ZERO";
SET AUTOCOMMIT = 0;
START TRANSACTION;
SET time_zone = "+00:00";


/*!40101 SET @OLD_CHARACTER_SET_CLIENT=@@CHARACTER_SET_CLIENT */;
/*!40101 SET @OLD_CHARACTER_SET_RESULTS=@@CHARACTER_SET_RESULTS */;
/*!40101 SET @OLD_COLLATION_CONNECTION=@@COLLATION_CONNECTION */;
/*!40101 SET NAMES utf8mb4 */;

--
-- Cơ sở dữ liệu: `music_ntt`
--

-- --------------------------------------------------------

--
-- Cấu trúc bảng cho bảng `nation`
--

CREATE TABLE `nation` (
  `id_nation` int(8) NOT NULL,
  `namnation` varchar(255) COLLATE utf8_unicode_ci NOT NULL
) ENGINE=InnoDB DEFAULT CHARSET=utf8 COLLATE=utf8_unicode_ci;

--
-- Đang đổ dữ liệu cho bảng `nation`
--

INSERT INTO `nation` (`id_nation`, `namnation`) VALUES
(1, 'Việt Nam'),
(2, 'Âu Mỹ'),
(3, 'Châu Á'),
(4, 'Hòa Tấu');

-- --------------------------------------------------------

--
-- Cấu trúc bảng cho bảng `singer`
--

CREATE TABLE `singer` (
  `id_singer` int(8) NOT NULL,
  `namesinger` varchar(255) COLLATE utf8_unicode_ci NOT NULL,
  `image` varchar(255) COLLATE utf8_unicode_ci NOT NULL,
  `shortprofile` varchar(2550) COLLATE utf8_unicode_ci NOT NULL,
  `profile` varchar(10000) COLLATE utf8_unicode_ci NOT NULL,
  `follow` int(255) NOT NULL,
  `id_nation` int(8) NOT NULL
) ENGINE=InnoDB DEFAULT CHARSET=utf8 COLLATE=utf8_unicode_ci;

--
-- Đang đổ dữ liệu cho bảng `singer`
--

INSERT INTO `singer` (`id_singer`, `namesinger`, `image`, `shortprofile`, `profile`, `follow`, `id_nation`) VALUES
(1, 'Chi Pu', 'chipu.jpg', 'Chi Pu tên thật là Nguyễn Thùy Chi, sinh ngày 14/06/1993 là một nữ diễn viên, ca sĩ. Cô được biết đến sau khi lọt vào top 20 của Miss Teen Vietnam 2009. Cô là nữ diễn viên Việt được theo dõi nhiều nhất trên Facebook, đồng thời sở hữu tài khoản Instagram có nhiều...', '<p>Tên thật: Nguyễn Thùy Chi</p>\r\n<p>Ngày sinh: 14/06/1993</p>\r\n<p>Quốc Gia: Việt Nam</p>\r\n<p>Chi Pu tên thật là Nguyễn Thùy Chi, sinh ngày 14/06/1993 là một nữ diễn viên, ca sĩ. Cô được biết đến sau khi lọt vào top 20 của Miss Teen Vietnam 2009. Cô là nữ diễn viên Việt được theo dõi nhiều nhất trên Facebook, đồng thời sở hữu tài khoản Instagram có nhiều followers nhất Việt Nam. Chi Pu biết chơi đàn piano và từng tham dự nhiều cuộc thi âm nhạc lúc nhỏ. Năm 2003, cô từng giành giải nhất trong cuộc thi Liên hoan đàn phím điện tử thành phố Hà Nội. Năm 16 tuổi, Chi Pu đăng ký tham dự cuộc thi Miss Teen 2009 và dừng lại ở top 20. Từ đó, cô bước vào showbiz và trở thành một diễn viên nổi tiếng. Bước ra từ cuộc thi Miss Teen Vietnam 2009, Chi Pu nhanh chóng trở thành gương mặt được đông đảo giới trẻ thần tượng và yêu mến bởi hình ảnh sạch cùng những nỗ lực không ngừng để theo đuổi đam mê diễn xuất. Nữ diễn viên để lại dấu ấn qua các phim: Yêu, Vệ sĩ Sài Gòn, Vẫn có em bên đời, Thần tượng, Hương Ga, Chung cư ma, 5S Online. Với mục tiêu trở thành nhà sản xuất phim chuyên nghiệp, cô còn đầu tư sản xuất web-series gây sốt Tỉnh giấc tôi thấy mình trong ai (Wake up) và các phim ngắn Cô gái trên tầng thượng, My Sunshine. N​hững cống hiến cho nghệ thuật của Chi Pu được ghi nhận qua giải thưởng HTV Awards cho Nữ diễn viên được yêu thích nhất, giải Cánh Diều Vàng cho phim ngắn xuất sắc nhất, giải Nữ diễn viên trẻ p​hong cách ​triển vọng ​2015​,​​ giải Mai Vàng cho Nghệ sĩ của năm 2015, danh hiệu Mỹ nhân của năm 2015​...​ cùng nhiều đề cử khác.​ Ngoài điện ảnh, Chi Pu còn sở hữu giọng hát được nhiều người khen ngợi và đánh giá có khả năng tiến xa nếu theo đuổi con đường ca hát. Cô từng biểu diễn chung sân khấu với HyunA và nhiều ngôi sao châu Á trên sân khấu Viral Fest Asia 2016 tại Bali (Indonesia) cũng như gặp gỡ và giao lưu nhiều ngôi sao Quốc tế như ca sĩ Rita Ora, Quán quân America\'s Next Top Model - Nyle DiMarco​, diễn viên Hollywood Zoe Saldana, nhóm nhạc Hàn Quốc Lucky J, Namewee (Malaysia)... T-ARA c​ũng ​từng gửi tặng riêng CD mới cho Chi Pu, hay nhóm nhạc TWICE c​hủ động quay video ​khen​ ngợi​ vũ đạo c​ủa Chi Pu. Ngoài công việc chính là diễn viên, Chi Pu cũng liên tục được mời làm mẫu ảnh cho các tạp chí uy tín và thương hiệu thời trang lớn. Dù không phải là ca sĩ, nhưng cô cũng đã hơn một lần cho mọi người nghe giọng hát của mình qua những ca khúc nhạc phim và quảng cáo. Chi Pu cũng được mời làm VJ và MC cho khá nhiều chương trình. Tháng 5 năm 2015, Chi Pu thử sức mình với một vai diễn trong vở nhạc kịch Thiên Đài. Chi Pu cũng tham gia chiến dịch Về đi Vàng ơi của Liên minh bảo vệ chó châu Á để lan toả thông điệp bảo vệ phúc lợi động vật. Bắt đầu vào tháng 10/2017, Chipu bắt đầu bước vào con được làm ca sĩ với 2 MV Từ Hôm Nay và Cho Ta Gần Hơn. Riêng ca khúc Cho ta Gần Hơn được thu riêng một version tiếng Hàn - ca khúc deput chính thức của Chi Pu và phát hành trên kênh Melon Hàn Quốc, chính thức nằm trong top 10 các ca khúc được tìm kiếm tại Hàn. Nhưng bị cộng đồng Hàn phản ứng dữ dội vì debut quá tệ. Hiện Chi Pu không chỉ đẩy mạnh hình ảnh tại Việt Nam mà còn mở rộng ra các nước Hàn Quốc, Malaysia. Thành tích mà Chi Pu đã đạt được: Top 20 Miss Teen 2009 Đề cử cho giải Gương mặt trẻ triển vọng Giải Thebox Idol 2013 Đề cử và vào Top 3 cho giải Mỹ nhân của năm 2014 Đề cử cho giải Nữ diễn viên triển vọng ở giải thưởng điện ảnh Ngôi Sao Xanh 2014 Đề cử cho giải Thebox Idol 2014 Giải đồng Bước nhảy hoàn vũ 2015 Giải Cánh diều vàng cho hạng mục phim ngắn xuất sắc (Cô gái trên tầng thượng) Giải Nữ diễn viên trẻ triển vọng của năm ở giải Elle Style Awards 2015 Giải We Choice Awards 2015: Top 10 nhân vật có sức ảnh hưởng nhất năm Giải Mỹ nhân của năm 2015 do báo điện tử Ngoisao.net tổ chức [23] Đề cử cho giải Nữ diễn viên điện ảnh xuất sắc nhất và Nữ diễn viên được yêu thích nhất ở giải thưởng điện ảnh Ngôi Sao Xanh 2015 Đề cử cho Giải Mai vàng 2015 ở hạng mục Nữ diễn viên điện ảnh xuất sắc nhất Giải Mai Vàng 2015 hạng mục \"Nghệ sĩ của năm\" Giải HTV AWARDS 2016 hạng mục \"Nữ diễn viên phim truyền hình được yêu thích nhất (Vẫn có em bên đời)\" Giải Asia Artist Awards hạng mục \'\'Rising star - nghệ sĩ mới Châu Á\'\' Giải WebTV Asia 2016 hạng mục \'\'Most popular online Drama\'\' Giải Vlive year end party 2016 hạng mục \"Nữ nghệ sĩ xuất sắc nhất\" và \"Nghệ sĩ đa tài nhất\" Giải We Choice Awards 2016 hạng mục \"Nghệ sĩ trẻ có hoạt động đột phá\" Giải Elle Style Awards 2017 hạng mục \" nữ diễn viên phong cách nhất của năm \".</p>', 129535, 1),
(2, 'Sơn Tùng M- TP', 'sontung.jpg', '', '<p>Tên thật: Nguyễn Thanh Tùng</p>\r\n<p>Ngày sinh: 05/07/1994</p>\r\n<p>Quốc Gia: Việt Nam</p\r\n<p>M-TP tên thật là Nguyễn Thanh Tùng. Cậu thanh niên sinh năm 1994 ở Thái Bình sớm bị hip hop hớp hồn giống như bao bạn bè đồng trang lứa. Và với niềm đam mê này, M-TP quyết tâm khăn gói tới Hà Nội học hỏi thêm về hip hop. Sau khi tốt nghiệp cấp 3, anh chàng dự định sẽ đầu quân làm học viên tại Học viện M4Me để rèn rũa khả năng ca hát, sáng tác... trước khi chính thức theo đuổi con đường âm nhạc. Ngoài đam mê ca hát, M-TP còn có khả năng sáng tác, chơi piano và nhảy cực \"đỉnh\". Với thế mạnh này, anh chàng không ngừng cố gắng học tập các bậc đàn anh đàn chị và đã có trong tay một hành trang khá \"khủng\" những sáng tác của riêng mình. Sự nghiệp âm nhạc: Tháng 8/2011: M-TP phát hành ca khúc \"Cơn Mưa Ngang Qua\" lên mạng, ngay lập tức nó trở thành một ca khúc hot lúc bấy giờ khi mà chỉ sau hai tháng, đã có hơn 1.7 triệu lượt nghe - con số mà những ca sĩ kỳ cựu như Đàm Vĩnh Hưng, Hồ Ngọc Hà... cũng phải mơ ước. Năm 2012, với tổng điểm 25,5đ, M-TP trở thành thủ khoa Nhạc viện TP.HCM. Cậu chia sẻ rằng \"chia sẻ cảm xúc: \"Mặc dù khá tự tin sau khi kết thúc buổi thi nhưng mình vẫn không khỏi ngạc nhiên và hạnh phúc khi biết được kết quả thi. Đây thực sự là một món quà vô cùng ý nghĩa để bù đắp cho những nỗ lực của mình trong suốt thời gian ôn luyện vừa qua\" Để lại nhiều ấn tượng trong lòng khán giả khi M-TP trình diễn thành công ca khúc \"Cơn Mưa Ngang Qua\" tại Bài Hát Yêu Thích tháng 10/2012 và tiếp tục nhận giải thưởng hát hát yêu thích của tháng trong chương trình là động lực rất lớn cho M-TP tiếp tục phấn đấu trong con đường âm nhạc chuyên nghiệp. Sau Bài Hát Yêu Thích, M-TP còn được mời tham gia biểu diễn trong đêm công bố kết quả Top 9 Vietnam Idol 2012. Tại Zing Mp3, \"Cơn Mưa Ngang Qua\" như là cút hít đầu tiên của cậu ca sĩ trẻ M-TP bước vào làng nhạc trẻ. Tính đến tháng 11/2014, ca khúc đạt được 64,278,735 lượt nghe. Năm 2013, anh đầu quân về công ty Văn Production JSC của nhạc sĩ Huy Tuấn và chính thức đổi nghệ danh thành Sơn Tùng M-TP để hoạt động âm nhạc chuyên nghiệp. Vào giữa năm, Sơn Tùng phát hành 2 đĩa đơn \"Đừng Về Trễ\" và \"Em Của Ngày Hôm Qua\" trong đó \"Đừng Về Trễ\" đoạt giải Bài hát yêu thích Với \"Em Của Ngày Hôm Qua\", ca khúc này đã trở thành một bài hit lớn trong sự nghiệp của Sơn Tùng M-TP khi ca khúc này liên tiếp chiếm giữ vị trí số 1 tại bảng xếp hạng của Zing Mp3 ở cả hai hạng mục là Bài hát và Video clip. 08/09/2014, MV \"Em Của Ngày Hôm Qua\" chính thức đạt hơn 40 triệu lượt xem trên Youtube trong vòng 9 tháng. Đây là một con số kỷ lục đối với MV nhạc Việt tình cho thời điểm bấy giờ. Dù gặp phải rất nhiều ý kiến xung quanh việc đạo nhạc nhưng không thể phủ nhận sức nóng của những ca khúc mà Sơn Tùng biểu diễn kể từ \"Nắng Ấm Xa Dần\", \"Cơn Mưa Ngang Qua\" Vào đầu năm 2014, anh hợp tác với Phương Thanh, Quang Dũng, Vy Oanh, Ngô Kiến Huy, Ông Cao Thắng, Đông Nhi, Hồ Trung Dũng, Phương Vy và Đinh Hương, tất cả cùng nhau có mặt trong ca khúc mang tên \"Sống Như Những Đóa Hoa\" và cũng được phát hành làm đĩa đơn. Cùng trong năm 2014, Sơn Tùng M-TP đảm nhận vai nam chính trong bộ phim nhựa \"Chàng Trai Năm Ấy\" của đạo diễn Quang Huy. Việc anh hóa thân vào ca sĩ Wanbi Tuấn Anh trên màn ảnh rộng đã thu hút được rất nhiều sự quan tâm từ truyền thông và người hâm mộ. Ngày 23/10/2014, ca khúc trích trong bộ phim \"Chàng Trai Năm Ấy\" do Sơn Tùng M-TP sáng tác và thể hiện mang tên \"Chắc Ai Đó Sẽ Về\" ra mắt đầu tiên tại Zing Mp3, từ hiện tượng \"Em Của Ngày Hôm Qua\" ca khúc này lập tức trở thành bài hit khác của Sơn Tùng, chỉ trong vòng 24 giờ ra mắt \"Chắc Ai Đó Sẽ Về\" đã đạt được gần 5 triệu lượt nghe. Tuy nhiên, cũng như \"Em Của Ngày Hôm Qua\" khi ra mắt, ca khúc này dính ngay nghi án đạo nhạc từ một ca khúc khác của Hàn Quốc mang tên \"Because I Miss You\" do trưởng nhóm CN Blue, Jung Yong Hwa trình bày, ca khúc này trích trong bộ truyền hình tại Hàn Quốc mang tên \"Heartstrings\". Vấn đề đạo nhạc của ca khúc \"Chắc Ai Đó Sẽ Về\" đã trở thành đề tài tranh luận gay gắt trên các phương tiện truyền thông, nhiều nhạc sĩ tên tuổi đã vào cuộc để mổ xẻ, phân tích chuyên môn về hai ca khúc này. Ca khúc \"Chắc Ai Đó Sẽ Về\" và bộ phim \"Chàng Trai Năm Ấy\" trở thành tâm điểm của giới truyền thông trong suốt thời gian đấy. Sau khi nhận được đơn giải trình từ đạo diễn Nguyễn Quang Huy, Cục Bản quyền đã đề nghị Hội Âm nhạc họp để đánh giá ca khúc này có đạo nhạc hay không. Hội Âm nhạc gồm các nhạc sĩ tên tuổi như Phó Đức Phương, Trương Ngọc Ninh, Võ Thiện Thanh, Đỗ Bảo… đã có cuộc họp kín vào sáng 10/11/2014 và tất cả đều tán đồng ý kiến ca khúc \"Chắc Ai Đó Sẽ Về\" là sản phẩm đạo nhạc. Ý kiến trong cuộc họp này được cấu thành văn bản và gửi đến Cục Bản quyền để đề nghị xử lý. Nhạc sĩ Phó Đức Phương bình luận, Sơn Tùng M-TP đã đạo nhạc một cách tinh vi. Còn nhạc sĩ Trương Ngọc Ninh cho biết, ca khúc của Sơn Tùng giống bản gốc tới 80%. Với kết quả trên, vô hình chung đã ảnh hưởng đến tiến độ ra mắt của bộ phim \"Chàng Trai Năm Ấy\", dự kiến ra rạp vào ngày 14/11/2014. Đạo diễn của bộ phim là Nguyễn Quang Huy quyết định dời ngày công chiếu vì những vấn đề liên quan đến ca khúc \"Chắc Ai Đó Sẽ Về\". Trong thời cùng gian trên, Sơn Tùng M-TP nhiều lần bị tố tự hủy show diễn, đền hợp đồng biểu diễn.. Cho đến việc lùm xùm hợp đồng với công ty quản lý của mình, cụ thể là Văn Production JSC. Tất cả những sự việc không hay trên ít nhiều đã ảnh hưởng đến sự nghiệp của Sơn Tùng M-TP khi tài năng và sức trẻ đang ở trong giai đoạn bắt đầu phát triển.Đầu năm 2015, Sơn Tùng M-TP tham gia chương trình thực tế The Remix - Hòa âm Ánh sáng. Qua từng đêm thi, anh khẳng định được tài năng và thực lực của bản thân với các tiết mục đầu tư nghiêm túc, những màn trình diễn độc đáo, cùng khả năng sáng tác cực ổn với các ca khúc như \"Thái Bình mồ hôi rơi\", \"Khuôn mặt đáng thương\", \"Cơn mưa ngang qua\"...[9] Tháng 7 năm 2015, kỷ niệm sinh nhật lần thứ 21 của mình, Sơn Tùng M-TP đã tổ chức một mini-show kết hợp buổi fan-meeting đầu tiên trong sự nghiệp mang tên “M-TP and Friends”. Chỉ trong vòng 2 tuần sau khi mở bán, 8.000 vé đã được bán hết.Ngày 24 tháng 1 năm 2016, Sơn Tùng M-TP tung ra MV \" Một năm mới bình an\".2017: Rời khỏi WePro, thành lập M-TP Entertainment. \"Lạc trôi\" và \"Nơi này có anh\"Ngày 22 tháng 8 năm 2017 , Sơn Tùng kết hợp với SlimV ra bản remix mới của \"Remember Me\" Ngày 8 tháng 9 năm 2017 , Sơn Tùng ra mắt Music Video 360 Lạc Trôi do TRIPLE D Remix Ngày 30 tháng 9 năm 2017, Sơn Tùng ra mắt tự truyện \"Chạm tới giấc mơ\", bán được 10000 bản trong 2 ngày.</p>', 352129, 1),
(3, 'Châu Khải Phong', 'chaukhaiphong.jpg', '', '<p>Tên thật: Lê Văn Thuận</p>\r\n<p>Ngày sinh: 30/10/1986</p>\r\n<p>Quốc Gia: Việt Nam</p>\r\n<p>Công ty đại diện: Hải Âu Entertainment Chều cao: 1m73 Cân nặng: 71kg Tài vặt: có thể sáng tác và chơi 2 loại nhạc cụ ghita va organ. Thần tượng: Bằng Kiều và Đàm vĩnh Hưng. Bất ngờ đã tạo tên tuổi bằng ca khúc Anh thích em như xưa hồi vào năm 2011, Châu Khải Phong đã nhanh chóng trở thành một cái tên rất ăn khách, đặc biệt là ở trên các sân khấu phía nam. Sau khi anh tốt nghiệp Đại học Văn hóa Nghệ thuật Quân đội, với những kiến thức về âm nhạc được học ở tại nhà trường cùng với niềm đam mê về ca hát, Châu Khải Phong đã về đầu quân cho công ty giải trí Hải Âu và cũng đã nhanh chóng gửi đến khán giả nhiều những sản phẩm âm nhạc chất lượng. Sau thành công của hàng loạt ca khúc như là Chỉ yêu mình em, Xin đừng cách xa, hay Nụ cười không vui,… Châu Khải Phong đã vừa tung ra album mới có tên gọi là Anh sẽ tập quên. Chỉ sau ít ngày cho ra mắt, album cũng đã nhanh chóng chiếm được những vị trí cao ở trên các bảng xếp hạng âm nhạc online và đã được công chúng đón nhận rất nhiệt tình. Hai album mới nhất của anh trong năm 2017 : Bên Nhau Thật Khó (Single) , Ngắm Hoa Lệ Rơi (Remix). Chia sẻ về dự định ở trong thời gian tới, chàng ca sĩ trẻ đã cho biết: “Sắp tới Phong cũng sẽ có một tour diễn xuyên Việt kỉ niệm 5 năm thành lập công ty Giải trí Hải Âu cùng với nhóm nhạc HKT, HKTM The Five, ca sỹ Phạm Trưởng… Được nghe thấy những tràng pháo tay cỗ vũ rất nồng nhiệt của khán giả ở trong các đêm diễn là niềm hạnh phúc lớn nhất với một ca sĩ trẻ như là Phong. Phong muốn cố gắng đến khi nào mà tất cả mọi người sẽ đều thấy được sự cố gắng của chính mình thì mới thôi…” Để có được vị trí như là hiện tại, Châu Khải Phong cũng đã có một quá trình lao động nghiêm túc và đã đầu tư tâm huyết, đam mê trong suốt thời gian dài. Các giải thưởng đạt được: - Giải 1 tiếng hát HSSV toàn quốc năm 2004 - Giải 2 sao mai khu vưc miền trung 2007 Các Album thành công của Châu Khải Phong: Bên Nhau Thật Khó (Single). Ngắm Hoa Lệ Rơi (Remix). Let’s Go. Chỉ Yêu Mình Em. Số Nghèo… Anh Sẽ Để Em Ra Đi. Xin Đừng Cách Xa. Anh Sẽ Tập Quên. Lời Chúc Không Thật. Châu Khải Phong Dance Remix.</p>', 15667, 1),
(4, 'JayKii', 'jayki.jpg', 'JayKii là một gương mặt ca sĩ-nhạc sĩ trẻ tài năng. Anh được công chúng biết tới sau khi lọt vào top 9 của cuộc thi “VietNam Idol 2013\". Sau khi rời khỏi chương trình VietNam Idol 2013, JayKii đã chính thức hoạt...', '<p>Tên thật: Trần Anh Quân</p>\r\n<p>Ngày sinh: 21/09/1993</p>\r\n<p>Quốc Gia: Việt Nam</p>\r\n<p>JayKii là một gương mặt ca sĩ-nhạc sĩ trẻ tài năng. Anh được công chúng biết tới sau khi lọt vào top 9 của cuộc thi “VietNam Idol 2013\". Sau khi rời khỏi chương trình VietNam Idol 2013, JayKii đã chính thức hoạt động âm nhạc chuyên nghiệp. Single đầu tay \"Chiều hôm ấy\", một ca khúc do chính anh sáng tác và thể hiện đã nhận được sự đón nhận nhiệt liệt từ công chúng thu hút hơn 25 triệu lượt xem trên Youtube và hơn 80 triệu lượt nghe trên MP3 Zing; đứng trong top 10 bảng xếp hạng trong nhiều tuần liền chỉ sau một thời gian ngắn phát hành. Vào ngày 11:11 ngày 11/11/2017 JayKii tiếp tục phát hành ca khúc Vài tháng qua - là câu chuyện tiếp nối từ Chiều hôm ấy cũng được giới phê bình đánh giá cao và dự đoán sẽ tạo nên làn sóng không thua kém gì “người anh em” của mình. Các album đã phát hành: Vài Tháng Sau (Single) (2017) Chiều Hôm Ấy (Single) (2017).</p>', 17543, 1),
(5, 'ERIK', 'erik.jpg', '', '<p>Tên thật: Lê Trung Thành</p>\r\n<p>Ngày sinh: 13/10/1997</p>\r\n<p>Quốc Gia: Việt Nam</p>\r\n<p>Lê Trung Thành được biết tới với nghệ danh Erik là một ca sĩ và vũ công. Erik từng tham gia chương trình Giọng hát Việt nhí năm 2013 và sau đó trở thành thành viên nhóm nhạc Monstar. Năm 2016, Erik gây tiếng vang lớn với ca khúc \"Sau tất cả\", giành được nhiều giải thưởng trong nước và giúp anh có được đề cử tại Giải thưởng Âm nhạc Cống hiến cùng năm cho \"Nghệ sĩ mới xuất sắc nhất\". Erik sinh tại Hà Nội, trong một gia đình không có ai theo nghệ thuật. Gia đình đã từng phản đối việc Erik chọn con đường nghệ thuật, một thỏa thuận được đặt ra là nếu Erik vượt qua vòng Giấu mặt của Giọng hát Việt nhí 2013 (The Voice Kids), gia đình sẽ tạo điều kiện cho anh theo đuổi con đường nghệ thuật. Kết quả là Erik đã vượt qua vòng thi giấu mặt và chọn gia nhập đội của huấn luyện viên Hiền Thục và kết thúc chương trình với vị trí top 15. Ngoài Giọng hát Việt nhí, Erik còn tham gia một số cuộc thi âm nhạc khác và đạt được các thành tích đáng khích lệ như: Giải vàng Giai điệu Tuổi hồng toàn quốc 2013. Top 25 chương trình Ngôi Sao Việt 2014, Top 4 The Winner Is năm 2014. Một năm sau chương trình Giọng hát Việt nhí 2013, Erik tham gia vào cuộc thi tuyển thực tập của St.319 Entertainment vào tháng 01/2015 và chính thức được lựa chọn làm thực tập sinh của công ty với hợp đồng đào tạo toàn diện về khả năng ca hát, nhảy múa, trình diễn chuyên nghiệp theo mô hình đào tạo của ngành công nghiệp giải trí Hàn Quốc trong vòng một năm. Năm 2016: Chính thức ra mắt với \"Sau tất cả\" Sau thời gian đào tạo, Erik chính thức ra mắt khán giả với sản phẩm âm nhạc đầu tay mang tên \"Sau tất cả\". ngày 11/01/2016, Trên trang Youtube của St.319 Entertainment xuất hiện bản Audio của ca khúc này. Sau đó hai ngày, một đoạn video khác giới thiệu về sự ra mắt của Erik, được cho là thành viên đầu tiên của dự án nhóm nhạc Monstar. Ngày 15/01, MV chính thức của ca khúc \"Sau tất cả\" được phát hành trên kênh Youtube của St.319 Entertainment. Ca khúc nhanh chóng trở thành cơn sốt không chỉ trong làng giải trí Việt Nam mà cả trong xã hội của Việt Nam suốt nửa đầu năm 2016, mang lại nhiều danh vọng và giải thưởng về cho anh. Sau Tất Cả cũng lọt vào danh sách \"những câu nói kinh điển trên mạng xã hội năm 2016\" do VnExpress bình chọn cũng như được rất nhiều ca sĩ, người nổi tiếng và fan nước ngoài cover lại. Trên các phương tiện truyền thông lớn, ca khúc này còn được gọi là \"ca khúc quốc dân\" của Việt Nam. Trong nửa đầu năm 2016, Erik đã tham gia ghi âm cho hai ca khúc nhạc phim bao gồm \"Yêu & Yêu\" là OST của phim Bệnh viện ma và \"Tôi là ai trong em\" của phim Taxi! Em tên gì? Nửa cuối năm 2016, sau khi tung bản thu và bản vũ đạo của ca khúc Turn It Up thì vào ngày 06/09, St.319 Entertainment chính thức tung MV ra mắt nhóm nhạc mới mang tên Monstar bao gồm ba thành viên là Erik, Nicky, Key, trong đó Erik chính là giọng chính của nhóm. Tháng 12, với cương vị là Đại sứ du lịch Việt-Hàn do Tổng cục du lịch Hàn Quốc lựa chọn, Monstar đã tham gia chuỗi hoạt động quảng bá du lịch của mình tại Hàn Quốc mà trong đó điểm nhấn là việc cho ra mắt MV quảng bá du lịch Hàn Quốc có tựa đề \"Love Rain\". Tham gia MV có sự góp mặt của nữ diễn viên Choi Jin Hee từng tham gia vai diễn nữ y tá Park Kwan Hee trong bộ phim Hậu duệ mặt trời. Năm 2017: Scandal & Rời khỏi St.319 Entertainment Vào những ngày cuối năm 2016 và đầu năm 2017, Erik tiếp tục cho ra mắt một sản phẩm solo khác của mình là ca khúc \"Lạc nhau có phải muôn đời\", đây là ca khúc OST cho bộ phim Chờ em đến ngày mai. Ca khúc ba gồm một bản audio và một MV. Ca khúc này cùng những thành công của các ca khúc nhạc phim trước đó đã giúp Erik được chính thức được giới truyền thông và khán giả đặt biệt là \"Hoàng tử nhạc phim\". Tham gia vào MV có sự góp mặt của hai diễn viên chính là người mẫu Quang Đại và Miss Teen 2012 Thu Trang. Vào tháng 2, Erik và St.319 Entertainment đã xảy ra mâu thuẫn sâu sắc vì vấn đề hợp đồng lao động giữa nghệ sĩ và công ty quản lý. Tranh cãi này là sự kiện tốn bút mực của giới báo chí trong nước, hai bên phải nhờ đến pháp luật can thiệp vì không thể giải quyết bằng cách thương lượng. Erik quyết định rời khỏi Monstar lẫn St.319 Entertainment và trở thành ca sĩ tự do. Trong các hoạt động sau này, nhiều lần Erik và Monstar cùng tham gia một sự kiện, họ vẫn thoải mái nói chuyện và chụp ảnh chung. Ba tháng sau scandal, Erik với tư cách là ca sĩ tự do đã hợp tác cùng một cựu ca sĩ khác của St.319 Entertainment là Min cho ra mắt MV mới có tựa đề Ghen. MV đã nhận được nhiều sự chú ý của khán giả đánh dấu sự trở lại mạnh mẽ của anh sau scandal cũng như sự thú vị khi hai nghệ sĩ cùng là những ca sĩ do St.319 Entertainment đào tạo, quản lý lúc trước. Ca khúc được sản xuất bởi AD Production và do nhạc sĩ Khắc Hưng sáng tác, đây được coi là một sự trùng hợp thú vị khác khi Khắc Hưng chính là người đã phối hợp với St.319 Entertainment để cho ra đời ca khúc Sau Tất Cả làm nên tên tuổi của Erik. Ca khúc này còn lập được những thành tích cao trên các bảng xếp hạng âm nhạc Việt Nam, sau hơn 4 ngày lên sóng, Ghen đã cán mốc 3,5 triệu lượt xem và đứng nhất trên top trending của Youtube tại Việt Nam. Các album đã phát hành: Sau Tất Cả (2016) Taxi, Em Tên Gì OST (2016) Yêu Và Yêu (Single) (2016) Lạc Nhau Có Phải Muôn Đời (Single) (2016) Happy Ending (Single) (2017) Chưa Bao Giờ Mẹ Kể (Single) (2017) Chờ Nhau Nhé (Single) (2017) Từ Bỏ (Cover) (Single) (2017) Đi Rồi Sẽ Đến (Single) (2017) Ghen (Single) (2017) Ghen (Hoaprox Remix) (2017) Yêu Chưa Bao Giờ Là Sai (Single) (2017) Mẹ Yêu (Single) (2017) MAMA 2017 Mashup (Single) (2017)</p>', 47145, 1),
(6, 'Sara Lưu', 'saraluu.jpg', '', '<p>Tên thật: Lưu Ngọc Duyên</p>\r\n<p>Ngày sinh: 12/3/1993</p>\r\n<p>Quốc Gia: Việt Nam</p>\r\n<p>Lưu Ngọc Duyên theo học khoa thanh nhạc tại Học viện Âm nhạc Quốc gia Hà Hội. Với ngoại hình xinh đẹp cùng với khả năng diễn xuất tốt, Lưu Ngọc Duyên từng bén duyên với điện ảnh qua vai chính bộ phim Đinh Tiên Hoàng Đế. Cô còn tham gia nhiều MV ca nhạc như MV Nhớ em, Nỗi đau xót xa, chỉ còn trong mơ (ca sĩ Minh Vương M4U), MV Tặng em, Vu vơ (ca sĩ Hoàng Hải), MV Hát về trời (ca sĩ Tăng Ngân Hà), MV Anh sẽ về đâu (ca sĩ Minh Sang The Voice), MV Điều anh không muốn (ca sĩ Phan Ngọc Luân The Voice). Với kinh nghiệm về diễn xuất cũng như học bài bản từ Học viện Âm nhạc, Ngọc Duyên quyết định du học Hàn Quốc để học hỏi thêm về lĩnh vực giải trí tại đất nước có nền công nghiệp giải trí hàng đầu châu Á.</p>', 8945, 1),
(7, 'Karik', 'karik.jpg', '', '<p>Tên thật: Phạm Hoàng Khoa</p>\r\n<p>Ngày sinh: 12/04/1989</p>\r\n<p>Quốc Gia: Việt Nam</p>\r\n<p>Tham gia nhóm nhảy Freestyle năm 2006 và chính thức nghỉ vào cuối năm 2008 vì bị chấn thương tay phải ,sau vài tháng hồi phục lại nhưng vẫn không được hoàn thiện nên Karik đã nghỉ hẳn và chuyển sang con đường Rap để giải tỏa cảm xúc. Với Rap, Karik có thể nói lên bất cứ điều gì mình suy nghĩ và bộc lộ được tính cách bản thân 1 cách rõ ràng nhất, qua đó cũng có thể nói lên suy nghĩ của những người đồng tư tưởng. Bản thân Karik từng là 1 người khá ít nói và sống nội tâm nên vào những ngày đầu đến với Rap, các tác phẩm thường mang hơi hướng tâm trạng hay nói về cuộc sống là nhiều. Dần dần anh cởi mở hơn, tự tin hơn khi được nhiều người biết đến , đón nhận và yêu thích. Càng dành nhiều thời gian tìm hiểu và làm việc với Rap, Karik càng đam mê.Rap đã mang anh đi khắp nơi để biểu diễn cho cộng đồng yêu thích từ Bắc vào Nam, qua đó anh cũng mang được suy nghĩ nội tâm mình truyền đạt đến cho những con người đồng cảm như anh. Cho đến giờ phút này có thể nói Karik là 1 trong những Rapper đầu tiên thành công cũng như đã thay đổi thành kiến về nhạc Rap tại VN. - Theo con đường Rapper từ năm 2008 và chính thức biễu diễn chuyên nghiệp từ 2011 - 2011 Vinh dự là nghệ sĩ nhạc Rap đầu tiên đoạt giải MTV Việt Nam - 2012 - 2013 Được khán giả yêu thích qua một loạt các Hits nổi bật: Anh Không Đòi Quà, Ế, Rắc Rối, Người Việt Nam.. - 2014 Đại sứ thương hiệu của nhãn hàng Sprite - công ty Cocacola Vietnam và vinh dự là nghệ sĩ đại sứ đầu tiên của Việt Nam được giới thiệu với hệ thống CocaCola Toàn Cầu cùng Music Video “Cứ Là Mình”. - 2016 và 2017 kết hợp cùng Thái Trinh với 2 Single Cạn cả nước mắt và Ai ngờ ta còn thương.</p>', 176378, 1),
(8, 'Chi Dân', 'chidan.jpg', '', '<p>Tên thật: Nguyễn Trung Hiếu</p>\r\n<p>Ngày sinh: 02/06/1989</p>\r\n<p>Quốc Gia: Việt Nam</p>\r\n<p>Chi Dân đã có thời gian sinh hoạt ca hát trong nhóm Hero trước đây. Sau một thời gian hoạt động trong nhóm thu được một số kinh nghiệm, Chi Dân quyết định rời nhóm khi hết hợp đồng và theo đuổi con đường ca hát solo. Được mọi người xung quanh nhận xét là sống thân thiện, hòa đồng, cũng với tính cách này đã giúp anh thu hút được một lượng fan hùng hậu. Năm 2013, Chi Dân bất ngờ nổi tiếng sau ca khúc Mất Trí Nhớ. Tưởng chừng đấy chỉ là cơ duyên may thì đến năm 2016, với bài hát \"Điều anh biết\" anh đã thực sự được nhiều người biết đến khi có đến hơn 100 triệu người xem Video Audio của ca khúc, hơn 35 triệu người xem MV của ca khúc. 2017, Chi Dân tiếp tục nổi tiếng với các bản hit như 1234, Có được không em và gần đây nhất là Yêu từ phía xa.</p>', 73421, 1),
(9, 'TAYLOR SWIFT', 'taylorswift.jpg', '', '<p>Tên thật: Taylor Alison Swift</p>\r\n<p>Ngày sinh: 13/12/1989</p>\r\n<p>Quốc Gia: United States</p>\r\n<p>Taylor Alison Swift là một ca sĩ, nhạc sĩ, diễn viên âm nhạc người Mỹ. Trong năm 2008, những album của cô đã bán được tổng cộng 11 triệu bản riêng tại Mĩ theo Billboard, và 13 triệu bản trên toàn thế giới. Đầu năm 2010, Taylor thu âm bài hát \"Today Was A Fairytale\" cho bộ phim Valetine\'s Day, bài hát đã phá kỉ lục download trong tuần đầu tiên của \"Womanizier\" với 325.000 lượt và ra mắt tại #2 trên Billboard Hot 100 và đạt vị trí #1 trên Canadian Hot 100. Taylor đã thu âm xong hầu hết các ca khúc trong album thứ ba của mình. Album thứ ba mang tên Speak Now gồm 14 bài hát đã được tung ra vào ngày 25/10/2010. Tất cả các bài hát trong album thứ ba đều được sáng tác bởi chính Taylor và có nội dung kể về cuộc đời cô. Đĩa đơn đầu tiên mang tên \"Mine\" dự kiến được phát hành vào ngày 16 tháng 8, 2010, tuy nhiên nó đã bị lộ gần 2 tuần trước kế hoạch. Đĩa đơn đã buộc phải phát hành hôm thứ 5 ngày 5 tháng 8 sau khi một phiên bản chất lượng thấp được tung lên mạng internet trong khi Taylor Swift đang trên chuyến bay tới Sumer Sonic Festival tại Nhật Bản. Dù chỉ với 4 ngày ít ỏi bài hát đã có gần 300.000 lượt download trong tuần đầu tiên và ra mắt tại vị trí #3 trên Billboard Hot 100, #1 Hot Digital Download. Trong năm 2011, những album của cô đã bán được tổng cộng hơn 15 triệu bản riêng tại Mĩ theo Billboard, và hơn 20 triệu bản trên toàn thế giới. Năm 2006, cô ra mắt single đầu tay \"Tim McGraw\", và album mang chính tên cô, sau đó album đã được chứng nhận là đĩa bạch kim bởi RIAA. Tháng 11 năm 2008, Swift ra mắt album thứ hai của mình Fearless. Cả hai album Fearless và Taylor Swift kết thúc năm 2008 lần lượt ở #3 và #6, với 2.1 và 1.5 triệu bản. Album Taylor Swift đã bán được hơn 5 triệu bản trên toàn thế giới. Fearless đã đứng đầu bảng xếp hạng Billboard 200 trong 11 tuần không liên tiếp, chưa album nào đã đứng đầu bảng xếp hạng lâu như vậy kể từ năm 2000. Fearless đã được chứng nhận đĩa bạch kim 6 lần và album bán chạy nhất tại Mĩ năm 2009 và thứ hai trên thế giới sau I Dreamed a Dream với hơn 3 triệu bản năm 2009. Forbes đã xếp hạng Swift ở vị trí thứ 69 - những người nổi tiếng quyền lực nhất, thu nhập $18 triệu .Vào năm 2010, thứ hạng của cô tăng lên thứ 16. Swift cũng được bình chọn là nghệ sĩ của năm 2009 theo tạp chí Billboard. Album thứ ba của Taylor mang tên Speak Now đã được phát hành vào ngày 25 tháng 10, 2010. aylor Swift sinh ra ở Wyomissing, Pennsylvania. Cô là con đầu lòng của Scott Kingsley Swift và Andrea Gardner. Cô có một em trai tên Austin. Taylor lớn lên ở một trang trại trồng cây thông giáng sinh ở Wyomissing, Reading, Pennsylvania, cha cô là một người môi giới chứng khoán và mẹ cô làm công việc nội trợ. Khi Taylor học lớp 4, Taylor đã giành chiến thắng trong một cuộc thi làm thơ quốc gia với bài thơ dài 3 trang mang tựa đề \"Con quái vật trong tủ quần áo của tôi\". Năm 10 tuổi, Taylor bắt đầu biểu diễn tại quê nhà, tham gia các cuộc thi hát tại các phòng karaoke, lễ hội, hội chợ và bắt đầu sáng tác nhạc. aylor Swift có khoảng hơn 100 đề cử và đoạt được 70 giải thưởng. Fearless, album được chứng nhận 6 đĩa bạch kim cũng đồng thời là album đoạt nhiều giải thưởng nhất trong lịch sử nhạc đồng quê[1], được 4 giải Grammy, AMA, ACM và CMA và nhiều giải thưởng khác trong cùng một năm.</p>', 27034, 2),
(10, 'SHAKIRA', 'sakira.jpg', '', '<p>Tên thật: Shakira Isabel Mebarak Ripoll</p>\r\n<p>Ngày sinh: 02/02/1977</p>\r\n<p>Quốc Gia: Columbia</p>\r\n<p>Shakira Isabel Mebarak Ripoll (sinh ngày 2 tháng 2 năm 1977) là một ca sĩ, nhạc sĩ, nhạc công người Colombia,một trong những ca sĩ nhạc Rock thành công nhất thế giới. Cô bắt đầu nổi tiếng khi phát hành album phòng thu thứ 2 được mang tên ¿Dónde Están Los Ladrones?, gây chú ý đến giới chuyên môn âm nhạc và gặt hái được nhiều thành công bằng chứng là cô giành được đề cử trong lễ trao giải Grammy năm 1999 ở hạng mục Album Latin Rock xuất sắc nhất, đồng thời đó cũng là lần đề cử đầu tiên của cô. Sau khi giành được thành công đó cô cho ra đời live diễn đầu tiên của mình được gọi là MTV Unplugged và giành được giải Grammy đầu tiên của cô ở hạng mục Album Latin Pop xuất sắc nhất vào năm 2001. Với đà thành công, đó Shakira đã triển khai thực hiện album tiếng Anh được mang tên Laundry Service vào năm 2001, đã trở thành album bán chạy nhất của năm 2002 với số đĩa bán ra hơn 20 triệu đĩa và lọt vào top các Album bán chạy nhất của thế kỉ, album còn mang về cho Shakira 1 giải Latin Grammy ở hạng mục Video hình thái ngắn xuất sắc nhất cho ca khúc hits nhất trong album, Suerte (Whenever, Wherever). Tiếp tục sự nghiệp cô cho ra đời album tiếp theo mang tên Fijacion Orral Vol 1, đã gây sock đến giới chuyên môn và khán giả yêu nhạc, album đã thành công ngoài sức tưởng tượng, trở thành album thành công nhất trong năm 2006 được sánh ngang bằng với album The Emancipation of Mimi của nữ ca sĩ Mariah Carey, album đã mang về cho cô tổng cộng 32 giải thưởng trên 50 đề cử, trong đó có 1 giải Grammy ở hạng mục Album Latin Rock xuất sắc nhất, và 4 giải Latin Grammy bao gồm những mục quan trọng như: Album của năm, Thu âm của năm, Bài hát của năm, Album giọng Pop xuất sắc nhất. Tiếp nối thành công cô tiếng tục cho ra đời album tiếp theo được mang tên, Oral Fixation Vol. 2 mang về cho cô 1 đề cử giải Grammy ở hạng mục Hợp tác nhạc Pop xuất sắc nhất, và tiếp tục được đề cử hạng mục đó cho vào năm 2008 cho ca khúc Beautiful Liar hát chung với nữ ca sĩ nhạc R&B, Beyonce Knowles.Shakira trở lại âm nhạc vào năm 2009, với single She Wolf đã gây được sự chú ý của giới khán giả, mang về cho Shakira 2 đề cử giải MTV Europe Music Awards ở hạng mục Nữ nghệ sĩ xuất sắc nhất và Video xuất sắc nhất. Shakira hiện có các hits đứng hàng đầu thế giới như: Hips Don\'t Lie(hiện là ca khúc đình đám nhất hiện nay), Whenever, Wherever, Beautiful Liar, Underneath Your Clothes, Objection, She Wolf (một trong những ca khúc hot nhất của của năm 2009), La Tortura, Give Up To Me, Waka Waka (This Time for Africa). Shakira đã từng giành 2 giải Grammy trên 5 lần đề cử và 7 giải Latin Grammy, 4 giải MTV Video Music Awards, 1 lần đề cử giải Quả Cầu Vàng và 17 giải Premios Lo Nuestro. Shakira còn sắp được nhận 1 ngôi sao trên Đại lộ Danh vọng Hollywood, đồng thời là người Colombia đầu tiên nhận được danh hiệu này. Shakira có số lượng đĩa bán ra 50 triệu đĩa cũng là nghệ sĩ một trong những nghệ sĩ có số lượng đĩa bán chạy nhất thế giới, hiện nay cô đang là người giữ kỉ lục của giải Latin Grammy về Nữ nghệ sĩ giành được nhiều giải nhất. Shakia còn được biết đến với chỉ số thông minh IQ rất cao, khoảng 140.</p>', 7921, 2),
(11, 'LADY GAGA', 'ladygaga.jpg', '', '<p>Tên thật: Stefani Joanne Angelina</p>\r\n<p>Ngày sinh: 12/03/1986</p>\r\n<p>Quốc Gia: United States</p>\r\n<p>Lady Gaga chào đời vào ngày 28 tháng 3 năm 1986 tại Yonkers, New York. Thời niên thiếu, GaGa được học tập ở Convent of the Sacred Heart, một trường học nổi tiếng ở Hoa Kỳ. Khi Lady Gaga còn nhỏ, cô thường hát theo những băng cát xét của Michael Jackson hay Cyndi Lauper, đây cũng là hai thần tượng âm nhạc lớn nhất của cô. Cô thích những giai điệu của Rolling Stones hay The Beatles. Không có gì đáng lấy làm lạ khi đứa bé gái gốc Ý sống tại trung tâm New York này lại không trở thành một nhà ca sĩ, nhạc sĩ tài ba - Lady Gaga. Gaga cho biết: “Tôi rất thích nhạc rock hay pop và cả nhạc kịch. Khi tôi phát hiện ra ban nhạc Queen và David Bowie, tôi đã nảy ra ý tưởng kết hợp hai dòng nhạc này với nhau”. Cái tên Lady Gaga cũng xuất phát từ ca khúc “Radio Gaga” của nhóm rock huyền thoại Queen[2] . Từ năm lên bốn tuổi, GaGa bắt đầu tự học piano và ở tuổi mười ba, cô đã cho ra đời bản hòa tấu piano đầu tay của mình.Năm 14 tuổi, cô đã bắt đầu trình diễn ở các buổi hát tự do. Cũng trong thời gian này, cô bắt đầu xuất hiện trên truyền hình với những vai nhỏ trong các bộ phim như: A Funny Thing Happened on the Way to the Forum, The Government Inspector, Damn Yankees, Guys and Dolls và A Man for All Seasons. Stefani Joanne Angelina Germanotta được biết đến nhiều hơn với nghệ danh Lady Gaga, cô là một ca sĩ - nhạc sĩ pop/dance người Mỹ gốc Ý. Lady Gaga bắt đầu đi biểu diễn ở những trung tâm sân khấu tại New York trong năm 2003 và học đại học tại trường cao đẳng nghệ thuật Tisch. Cô nhanh chóng được nhận vào làm việc với hãng ghi âm Streamline. Thời gian đầu cô làm việc tại Interscope với cương vị là nhạc sĩ sáng tác bài hát cho nhiều nghệ sĩ khác. Nhờ tài năng của mình, Gaga đã giành được sự chú ý của Akon, người đã công nhận khả năng thanh nhạc của cô. Một thời gian sau, trải qua nhiều lần thử giọng, kiểm tra năng lực âm nhạc, Gaga mới được ký hợp đồng với nhãn hiệu thu âm đầu tiên mang tên Kon Live Distribution. Đến năm 2008, Gaga phát hành album nhạc điện tử đầu tay với tựa đề The Fame và đã gặt hái được rất nhiều thành công. Album giành vị trí đầu bảng ở Anh, Canada, Áo, Đức, Ireland và đứng top 10 trên toàn thế giới. Tại Hoa Kỳ, The Fame đứng thứ hai trên bảng xếp hạng Billboard 200. Với sự phát hành nhiều đĩa đơn trích từ The Fame, trong đó \"Just Dance\" và \"Poker Face\" là hai ca khúc rất thành công khi giành được vị trí quán quân trên bảng xếp hạng Billboard Hot 100 tại Mỹ, Anh, Úc, Canada và rất nhiều các quốc gia khác trên toàn thế giới. Cô đã giành được 2 giải Grammy từ album đầu tay The Fame của mình. Đầu năm 2009, cô bắt tay vào chuyến lưu diễn đầu tiên, The Fame Ball Tour. Đến quý IV, Gaga phát hành tiếp phiên bản album thứ hai của The Fame mang tựa đề The Fame Monster và cũng đạt được rất nhiều thành công liên tiếp với đĩa đơn \"Bad Romance\" đứng đầu tại hơn 26 quốc gia trên toàn thế giới, sau đó cô tiếp tục thực hiện chuyến lưu diễn thứ hai của mình, The Monster Ball Tour. Lady Gaga còn là nguồn cảm hứng sáng tạo cho rất nhiều nghệ sĩ khác, cô nói thời trang là nguồn cảm hứng cho sự nghiệp sáng tác và biểu diễn của cô. Tính đến nay, hai album của Gaga đã tiêu thụ được hơn 18 triệu bản và 51 triệu đĩa đơn trên toàn thế giới. Là một ca sĩ trẻ có nhiều ảnh hưởng lớn tới xu hướng âm nhạc đương đại, đến tháng 5 năm 2010, lần đầu tiên cô được tạp chí Forbes xếp đến vị trí thứ tư dù mới chỉ khởi khiệp năm 2008 trong danh sách 100 nghệ sĩ ngành giải trí có ảnh hưởng lớn nhất trên thế giới. Chỉ trong một thời gian rất ngắn, cô đã áp đặt phong cách và tên tuổi của mình trong làng nhạc pop quốc tế. Chưa đầy 3 năm tròn tính từ ngày khởi nghiệp, 3 video clip: \"Just Dance\", \"Poker Face\" và \"Bad Romance\" của cô đã thu hút hơn 1 tỉ rưỡi lượt người xem trên trang chia sẻ video trực tuyến nổi tiếng YouTube, lập kỷ lục thế giới. Phong cách âm nhạc của Lady Gaga chịu ảnh hưởng từ hai ca sĩ nhạc pop Michael Jackson và Madonna cũng như một số nghệ sĩ nhạc rock như David Bowie và Queen. Ngoài âm nhạc, Gaga còn gây chú ý với phong cách thời trang \"kì dị\" của mình cũng như sự xuất hiện trên sân khấu, các video ca nhạc và phong cách của các bài hát. Cô đã giành cho mình 5 giải Grammy, cùng mười hai đề cử và hai giải Guinness.</p>', 2583, 2),
(12, 'Đức Phúc', 'ducphuc.jpg', '', '<p>Tên thật: Nguyễn Đức Phúc</p>\r\n<p>Ngày sinh: 15/10/1996</p>\r\n<p>Quốc Gia: Việt Nam</p>\r\n<p>Đức Phúc là Quán quân Giọng hát Việt mùa 3 đồng thời là sinh viên trường Đại học Xây dựng Hà Nội. Hiện anh đang hoạt động nghệ thuật với vai trò ca sĩ do công ty Mỹ Tâm Entertainment quản lý. Năm 2015 anh tham gia cuộc thi Giọng hát Việt. Trước khi tham gia Giọng hát Việt anh cũng đã từng tham gia hai cuộc thi khác đó là Vietnam Idol và Vietnam\'s Got Talent nhưng đều bị loại ở ngay vòng đầu. Sau 6 tháng tham gia cuộc thi dưới sự đẫn dắt của Mỹ Tâm vào ngày 20/09/2015 anh chính thức trở thành quán quân nam đầu tiên của Giọng hát Việt với tỷ lệ tin nhắn bình chọn áp đảo 49.25%. Sau hơn 2 tháng kể từ khi đăng quang ngôi vị Quán quân chương trình The Voice, Đức Phúc chính thức giới thiệu đến công chúng và khán giả yêu âm nhạc sản phẩm đầu tay của mình, MV “Chỉ Một Câu”. MV được sự hỗ trợ thực hiện từ Công ty MT Entertainment của ca sĩ Mỹ Tâm. Đây có thể xem là việc làm nhằm hiện thực hóa lời hứa sẽ đồng hành, hỗ trợ cậu học trò nhỏ mà “Họa mi tóc nâu” từng hứa trong cuộc thi The Voice. Không quá bất ngờ nhưng điều này cũng tạo ra nhiều thú vị bởi từ trước đến nay Mỹ Tâm gần như chưa bao giờ chính thức nhận lời hỗ trợ “toàn tập” cho bất kỳ ca sĩ trẻ nào. Với quyết định dìu dắt Đức Phúc từ những bước đi đầu tiên, Mỹ Tâm thêm một lần nữa khẳng định quan điểm mà cô nhiều lần phát biểu trong cuộc thi The Voice, rằng một nhân tố không có lợi thế ngoại hình vẫn có thể khẳng định được vị trí trong showbiz nếu có chiến lược, đường hướng cũng như sự đầu tư đúng mức. MV “Chỉ Một Câu” cũng là sản phẩm gắn mác cá nhân thực thụ đầu tiên của Đức Phúc trên hành trình hoạt động nghệ thuật với tư cách là một ca sĩ - một ca khúc hoàn toàn mới được nhạc sĩ Phạm Toàn Thắng sáng tác riêng cho giọng ca Đức Phúc. Có thể xem MV “Chỉ Một Câu” như một lời tri ân mà Đức Phúc muốn gửi đến khán giả, đặc biệt là những người đã ủng hộ mình xuyên suốt cuộc thi Giọng hát Việt 2015. Nội dung MV xoay quanh câu chuyện tình cảm của một chàng trai dành cho một cô gái nhưng vì nhút nhát nên anh chẳng dám ngỏ lời. Tất cả tâm tư, tình cảm anh đem hết vào những trang thư. Đến một ngày, khi lấy đủ can đảm để ngỏ lời thì chàng trai phát hiện ra sự thật phũ phàng là cô gái đã có bạn trai. Với tâm trạng buồn bã, cô đơn, hụt hẫng, Đức Phúc đã thể hiện hình ảnhmột chàng trai thất tình đầy cảm xúc trong phần kết của MV. Bối cảnh quay MV khá đơn giản, thiên về khai thác tâm lý và cảm xúc để làm nền nâng giọng hát sâu lắng, tình cảm của người hát nhiều hơn là trưng trổ những kỹ thuật, kỹ xảo hoành tráng. Chia sẻ cảm giác của mình, Đức Phúc cho biết: “Lần đầu tiên được hát ca khúc của riêng mình, rồi còn được quay MV nữa nên em vui lắm (cười). Bên cạnh đó, em cũng khá hồi hộp vì không biết khán giả sẽ đón nhận sản phẩm đầu tay của mình như thế nào. Hi vọng mọi người sẽ yêu thích và ủng hộ để em có thêm động lực cho những sản phẩm tiếp theo”. Sản phẩm âm nhạc đầu tay này đã mang về cho Đức Phúc và tác giả giải thưởng \"Ca sĩ thể hiện hiệu quả\" và \"Bài hát của tháng\" trong chương trình Bài hát Việt tháng 11 năm 2015. và giải thưởng \"Ca sĩ được yêu thích nhất\" do khán giả bình chọn trong đêm chung kết Bài hát Việt 2015.. \"Chỉ một câu\" cũng xuất hiện trong danh sách đề cử sơ bộ \"Bài hát của năm\" của Giải thưởng Âm nhạc Cống hiến lần thứ 11. Đầu năm 2016 anh tham gia chương trình VTV Bài hát tôi yêu với MV \"Giấu mặt\". Anh đã giành giải 3 (MV Đồng)</p>', 64122, 1),
(13, 'Hương Tràm', 'huongtram.jpg', '', '<p>Tên thật: Phạm Thị Hương Tràm</p>\r\n<p>Ngày sinh: 15/01/1995</p>\r\n<p>Quốc Gia: Việt Nam</p>\r\n<p>Hương Tràm là con nhà nòi. Cô có ba là NSƯT Tiến Dũng và anh trai là thí sinh Sao Mai điểm hẹn 2010 Phạm Tiến Mạnh. Hương Tràm đã gây cơn sốt trong buổi lên sóng đầu tiên ở vòng Giấu Mặt của \"The Voice 2012\" khi cô chọn ca khúc kinh điển I Will Always Love You của Whitney Houston và đã được cả 4 vị huấn luyện viên xoay ghế chọn vào đội của mình. Tuy nhiên, Hương Tràm quyết định chọn ca sỹ Thu Minh là vị huấn luyện viên cho giọng ca của mình. Ngày 13/01/2013, Hương Tràm chính thức trở thành quán quân đầu tiên của Giọng Hát Việt. Với ngôi vị quán quân, cô gái Nghệ An sẽ nhận được giải thưởng 500 triệu đồng tiền mặt, 200 triệu tiền sản phẩm của nhà tài trợ và một chuyến du lịch Hàn Quốc 7 ngày. Ngoài ra, cô còn được sở hữu một hợp đồng ghi âm khủng với hãng đĩa quốc tế. Với ngôi vị này, sẽ là bàn đạp rất tốt để cô gái đến từ xứ Nghệ bước vào làng nhạc Việt Nam với nhiều chông gai và đầy thách thức. Những bài hát tiêu biểu làm nên tên tuổi ca sĩ Hương Tràm: Năm phát hành 2013: Ngại Ngùng Với Em Là Mãi Mãi Xa Sẽ Có Người Cần Anh – song ca với Cao Thái Sơn Trăng dưới chân mình Vẫn yêu từng phút giây – song ca với Cao Thái Sơn. Năm phát hành 2015: I’m still loving you. Năm phát hành 2016: Ngốc Cho Em Gần Anh Thêm Chút Nữa (Nhạc phim cùng tên). Năm phát hành 2017: Ta Còn Thuộc Về Nhau. Em Gái Mưa...</p>', 92731, 1),
(14, 'Bảo Anh', 'baoanh.jpg', '', '<p>Tên thật: Nguyễn Hoài Bảo Anh</p>\r\n<p>Ngày sinh: 03/09/1992</p>\r\n<p>Quốc Gia: Việt Nam</p>\r\n<p>Bảo Anh từng là gương mặt ấn tượng trong nhiều cuộc thi âm nhạc dành cho tuổi teen. Năm 2008, Bảo Anh lọt vào top 12 thí sinh vòng chung kết Tiếng ca học đường. Năm 2009, Bảo Anh tiếp tục đoạt giải đồng hạng với Văn Mai Hương tại \'Tiếng Hát Học Đường\' với ca khúc \'Ăn khế trả vàng\'. Năm 2010, Nguyễn Hoài Bảo Anh tiếp tục đoạt giải triển vọng cuộc thi H2T Icon 2010 do Báo Hoa học trò tổ chức. Năm 2012, Nguyễn Hoài Bảo Anh chinh phục được trái tim của 2 ca sỹ Thu Minh cùng nam ca sỹ nhạc rock Trần Lập trong cuộc thi Giọng hát Việt bằng chất giọng trong sáng và ngọt ngào. Thậm chí, cô cũng còn được ví là Taylor Swift phiên bản Việt lúc thể hiện ca khúc Safe and sound một cách khá trong trẻo, ngọt ngào cùng với hình tượng không khác như một công chúa. Tại thời điểm sau đó, Bảo Anh luôn gắn liền với các bản Ballad ngọt ngào, và truyền cảm. Cô đã nhanh chóng được các khán giả yêu mến với hàng loạt bài hit như là Anh muốn em sống sao, Và em đã biết mình yêu, Em đã từng yêu… Giữ một hình tượng ngây thơ, công chúa vào một thời gian dài, tới năm 2015, Bảo Anh tham gia vào The Remix và quyết định theo đuổi một hình tượng sexy. Bảo Anh ngày càng trưởng thành nhiều hơn ở trong phong cách âm nhạc cũng như là nhan sắc khiến cho nhiều khán giả hâm mộ bất ngờ. Năm 2016 là một năm thành công vượt trội của Bảo Anh cùng với 2 sản phẩm đình đám là Trái tim em cũng biết đau và Yêu một người vô tâm. Đây là 2 ca khúc đã từng làm mưa, làm gió trên khá nhiều bảng xếp hạng âm nhạc và cũng giúp cho nữ ca sĩ giành được khá nhiều giải thưởng uy tín. 2017 cô hợp tác cùng Bùi Anh Tuấn thể hiện ca khúc Thanh Xuân Của Chúng Ta với giai điệu trẻ trung, sôi động và gần đây nhất sau khi chính thức chia tay Hồ Quang Hiếu thì nữ ca sĩ đã phát hành single Sống Xa Anh Chẳng Dễ Dàng.</p>', 23750, 1),
(15, 'Trịnh Thăng Bình', 'trinhthangbinh.jpg', '', '<p>Tên thật: Trịnh Thăng Bình</p>\r\n<p>Ngày sinh: 30/04/1988</p>\r\n<p>Quốc Gia: Việt Nam</p>\r\n<p>Trịnh Thăng Bình là một ca sĩ, nhạc sĩ, diễn viên và nhà sản xuất âm nhạc nổi tiếng Việt Nam. Năm 2006, nam ca sĩ gia nhập nhóm La Thăng cùng hai thành viên Minh Tuấn, Việt Hải. Năm 2008 anh tách nhóm và phát triển sự nghiệp hát solo. Trịnh Thăng Bình ra mắt album đầu tay mang chính tên mình để khẳng định lối đi riêng cũng như vai trò sáng tác nhạc. Năm 2011, nam ca sĩ phát hành album thứ hai \"Summer love\" với nhiều hit được các bạn trẻ yêu mến như: Lời chưa nói, Đã biết sẽ có ngày hôm qua, Đã lâu không gặp... Năm 2013 anh phát hành ca khúc hit Người ấy. Ngoài ca hát, Trịnh Thăng Bình còn tham gia đóng phim như: Có lẽ nào ta yêu nhau, Anh em sinh đôi, Blog và người đẹp, Tam nam vẫn phú… Hiện tại anh là giám đốc công ty cổ phần Bpro Entertainment, chuyên sản xuất âm nhạc và tổ chức sự kiện. Các giải thưởng anh đã đạt được: Lọt vào top 10 nhạc sĩ được yêu thích nhất Làn sóng xanh năm 2013. Giành giải thưởng \"Album của năm\" được Zing MP3 trao giải trong chương trình Zing Music Awards 2013 với album \"Người Ấy\". Giải thưởng \"Ca khúc Pop/Rock được yêu thích\" được Zing MP3 trao giải trong chương trình Zing Music Awards 2013 với ca khúc \"Người Ấy\". Lọt vào top 20 ca sĩ của năm được YANTV trao giải trong chương trình Yan VPOP 20 Awards 2013. Các album đã phát hành: Trịnh Thăng Bình Vol. 1 (2009) Lời Chưa Nói (2010) Summer Love (2011) Đã biết sẽ có ngày hôm qua (2011) Đã lâu không gặp (2011) Người Ấy (2012) Lãng Tử (Single) (2013) Người Thứ 3 (2014) Người Yêu Tuyệt Vời (2014) Từ Khi Gặp Em (2015) Sài Gòn Đêm Nay (Single) (2015) Anh Muốn Nói (Single) (2016) Em Đừng Quay Về Đây (Single) (2016) Ai Đằng Sau Lưng Em (Single) (2016) Vỡ Tan (2016) Anh Em Và Ai (2016) Gia Đình Tôi Chọn (Single) (2017) Seen (Single) (2017)</p>', 52357, 1),
(16, 'Hòa Minzy', 'hoaminzy.jpg', '', '<p>T&ecirc;n thật: Nguyễn Thị H&ograve;a</p>\r\n<p>Ng&agrave;y sinh: 31/05/1995</p>\r\n<p>Quốc Gia: Việt Nam</p>\r\n<p>H&ograve;a Minzy t&ecirc;n Nguyễn Thị H&ograve;a (sinh ng&agrave;y 31 th&aacute;ng 5 năm 1995 tại Bắc Ninh, Việt Nam) l&agrave; một nữ ca sĩ Việt Nam. C&ocirc; từng đoạt giải qu&aacute;n qu&acirc;n Học viện Ng&ocirc;i sao 2014. C&ocirc; được nhiều kh&aacute;n giả biết đến l&agrave; nữ ca sĩ nhạc trẻ của Việt Nam với giọng h&aacute;t nội lực v&agrave; truyền cảm. H&ograve;a Minzy l&agrave; một hot girl, nữ ca sĩ, nh&acirc;n vật truyền h&igrave;nh hiện đang được nhiều kh&aacute;n giả y&ecirc;u mến. Th&aacute;ng 11 năm 2014, H&ograve;a Minzy ph&aacute;t h&agrave;nh MV Thư Chưa Gửi Anh. Sau đ&oacute; 1 th&aacute;ng, c&ocirc; cho ra mắt ca kh&uacute;c Gửi. Th&aacute;ng 7 năm 2015, H&ograve;a Minzy hợp t&aacute;c với Mr. T để ph&aacute;t h&agrave;nh v&agrave; cho ra mắt MV Ăn g&igrave; đ&acirc;y. Ca kh&uacute;c với giai điệu s&ocirc;i động, vui tươi được nhiều kh&aacute;n giả th&iacute;ch th&uacute;. Năm 2016, c&ocirc; tham gia chương tr&igrave;nh Gương mặt th&acirc;n quen (m&ugrave;a thứ tư). H&ograve;a Minzy l&agrave; một trong số những th&iacute; sinh được đ&aacute;nh gi&aacute; cao ngay từ những ng&agrave;y đầu. Ch&iacute;nh v&igrave; những m&agrave;n tr&igrave;nh diễn ấn tượng m&agrave; c&ocirc; dần chiếm trọn tr&aacute;i tim kh&aacute;n giả v&agrave; gi&agrave;nh giải Th&iacute; sinh được y&ecirc;u th&iacute;ch nhất (31.5%). Cũng trong năm 2016 H&ograve;a Minzy c&ograve;n lấn s&acirc;n sang vai tr&ograve; MC trong một số chương tr&igrave;nh của Yeah1tv v&agrave; YanTV. Ng&agrave;y 31 th&aacute;ng 5 năm 2016, v&agrave;o sinh nhật của m&igrave;nh, c&ocirc; cho ra mắt phim ngắn v&agrave; ca kh&uacute;c mang t&ecirc;n V&igrave; anh l&agrave; của em (Khắc Hưng). Đ&acirc;y l&agrave; phim ngắn do ch&iacute;nh c&ocirc; l&agrave;m đạo diễn, casting, diễn vi&ecirc;n, d&agrave;n dựng bối cảnh,... Tuy sản phẩm c&oacute; nhiều phản hồi tr&aacute;i chiều nhưng đ&oacute; l&agrave; th&agrave;nh quả vất vả lao động ch&acirc;n ch&iacute;nh của H&ograve;a Minzy với số tiền d&agrave;nh dụm của bản th&acirc;n. Th&aacute;ng 11/2016 c&ocirc; cho ra mắt MV Sống Kh&ocirc;ng Hối Tiếc với sự thay đổi về phong c&aacute;ch lẫn d&ograve;ng nhạc, đồng thời c&ocirc; ch&iacute;nh thức đầu qu&acirc;n v&agrave;o c&ocirc;ng ty của nhạc sĩ Huy Tuấn (Stars Park Entertainment). H&ograve;a Minzy tham gia bộ phim điện ảnh kinh dị - h&agrave;i Linh Duy&ecirc;n. Phim được ph&aacute;t h&agrave;nh v&agrave;o ng&agrave;y 24/02/2017. Mở m&agrave;n cho sự nghiệp &acirc;m nhạc 2017 H&ograve;a Minzy đ&atilde; ph&aacute;t h&agrave;nh ca kh&uacute;c v&agrave; MV T&igrave;m một nửa c&ocirc; đơn v&agrave;o ng&agrave;y Valentine Trắng 14/3/2017 với ca từ nhẹ nh&agrave;ng, s&acirc;u lắng v&agrave; h&igrave;nh ảnh được đầu tư một c&aacute;ch chuy&ecirc;n nghiệp. Trong th&aacute;ng 5/2017 nữ ca sĩ H&ograve;a Minzy xuất hiện trong MV \"Ăn g&igrave; đ&acirc;y\" phi&ecirc;n bản Th&aacute;i Lan c&ugrave;ng \"c&acirc;y h&agrave;i\" nổi tiếng xứ Ch&ugrave;a V&agrave;ng - Bie The Ska. Đ&acirc;y l&agrave; một bản dựa theo MV Ăn g&igrave; đ&acirc;y - H&ograve;a Minzy ft. Mr. T (ph&aacute;t h&agrave;nh th&aacute;ng 7/2015). H&ograve;a Minzy tham gia bộ phim Glee Việt Nam (được Việt h&oacute;a dựa theo Glee phi&ecirc;n bản Mỹ) với vai Linh San (Santana Lopez). H&ograve;a Minzy tham gia chương tr&igrave;nh Cặp đ&ocirc;i ho&agrave;n hảo 2017 (phi&ecirc;n bản Trữ t&igrave;nh-Bolero) v&agrave; dần dần chiếm được nhiều t&igrave;nh cảm của kh&aacute;n giả qua những m&agrave;n tr&igrave;nh diễn m&ugrave;i mẫn. Cuối th&aacute;ng 11/2017 H&ograve;a Minzy, Đức Ph&uacute;c v&agrave; Erik đ&atilde; c&oacute; m&agrave;n tr&igrave;nh diễn ấn tượng tr&ecirc;n s&acirc;n khấu MAMA Premiere in Vietnam. Bản mashup được kh&aacute;n giả v&agrave; cộng đồng mạng chia sẻ rộng r&atilde;i với nhiều lời khen ngợi v&agrave; tự h&agrave;o. Trong năm 2017 c&ocirc; c&ograve;n gặt h&aacute;i được th&agrave;nh c&ocirc;ng khi li&ecirc;n tiếp gi&agrave;nh được c&aacute;c giải thưởng như: Nữ ca sĩ triển vọng L&agrave;n s&oacute;ng xanh, &Aacute; qu&acirc;n Cặp đ&ocirc;i ho&agrave;n hảo, Top 5 nữ ca sĩ được y&ecirc;u th&iacute;ch ZMA . Th&aacute;ng 1/ 2018 H&ograve;a Minzy kết hợp c&ugrave;ng Đức Ph&uacute;c ra mắt MV Thế L&agrave; tết. Trong buổi họp b&aacute;o ra mắt MV n&agrave;y, C&ocirc; tuy&ecirc;n bố \" Nếu năm 2018 kh&ocirc;ng th&agrave;nh c&ocirc;ng, nắm 2019 sẽ dừng hoạt động nghệ thuật một năm.\" Điều n&agrave;y hứa hẹn trong năm nay sẽ l&agrave; một năm với rất nhiều sản phẩm &acirc;m nhạc của H&ograve;a Minzy, trong đ&oacute; c&oacute; những s&aacute;ng t&aacute;c của nhạc sĩ nổi tiếng như: Ch&acirc;u Đăng Khoa, Mr Siro, Kai Đinh, Nguyễn Hồng Thuận. Th&aacute;ng 4/ 2018 Một lần nữa H&ograve;a Minzy kết hợp c&ugrave;ng Đức Ph&uacute;c nhưng lần n&agrave;y l&agrave; b&agrave;i h&aacute;t nhạc phim mang t&ecirc;n Cứ y&ecirc;u đi( OST 100 ng&agrave;y b&ecirc;n em), đ&acirc;y l&agrave; một s&aacute;ng t&aacute;c của nhạc sĩ trẻ Hứa Kim Tuyền với ca từ nhẹ nh&agrave;ng, dễ nghe, dễ cảm. Ng&agrave;y 6/5 vừa qua , ca kh&uacute;c mới nhất của H&ograve;a Minzy \"Rời bỏ\" được ph&aacute;t h&agrave;nh nhanh ch&oacute;ng nhận được nhiều y&ecirc;u mến của kh&aacute;n giả. Ca kh&uacute;c g&acirc;y ấn tượng đặc biệt nhờ giai điệu ballad nhẹ nh&agrave;ng, ca từ buồn da diết c&ugrave;ng giọng h&aacute;t t&igrave;nh cảm của H&ograve;a Minzy. Mong ca kh&uacute;c sẽ được mọi người đ&oacute;n nhận rộng r&atilde;i.</p>', 21343, 1);
INSERT INTO `singer` (`id_singer`, `namesinger`, `image`, `shortprofile`, `profile`, `follow`, `id_nation`) VALUES
(17, 'SUNGHA JUNG', 'SUNGHAJUNG.jpg', '', '<p>T&ecirc;n thật: Seongha Jeong (정성하)</p>\r\n<p>Ng&agrave;y sinh: 02/09/1996</p>\r\n<p>Quốc Gia: Việt Nam</p>\r\n<p>Seongha Jeong (정성하) (thường gọi: Sungha Jung) l&agrave; thần đồng guitar người H&agrave;n Quốc. Sinh ng&agrave;y 2 th&aacute;ng 9 năm 1996, tuy mới chỉ 14 tuổi, nhưng cậu đ&atilde; khiến mọi người phải th&aacute;n phục những ng&oacute;n đ&agrave;n đi&ecirc;u luyện v&agrave; khả năng viết nhạc tuyệt vời của m&igrave;nh. Cậu đạt được sự nổi tiếng chủ yếu nhờ website chia sẻ video YouTube. Đến năm 2011, k&ecirc;nh của cậu tr&ecirc;n YouTube c&oacute; tr&ecirc;n 15 triệu lượt xem, 500.000 người đăng k&iacute; v&agrave; c&aacute;c video của cậu đ&atilde; c&oacute; 350 triệu lượt xem.[1] Chơi đ&agrave;n từ năm 11 tuổi, ước mơ của Sungha l&agrave; được trở th&agrave;nh nghệ sĩ guitar chuy&ecirc;n nghiệp. Sungha đ&atilde; medley nhiều b&agrave;i h&aacute;t nổi tiếng: \"Happy New Year\" (ABBA), \"Billie Jeans\" (Micheal Jackson), \"Yesterday Once More\" (Carpenters)... Đồng thời, s&aacute;ng t&aacute;c v&agrave; thể hiện \"Fly Like the Wind\", \"Tree in the Water\",... C&acirc;y đ&agrave;n guitar m&agrave; cậu đang chơi được l&agrave;m v&agrave; t&agrave;i trợ bởi Lakewood - nh&agrave; sản xuất guitar Đức - từ th&aacute;ng 1 năm 2009. Cảm hứng &acirc;m nhạc của Sungha l&agrave; nhạc sĩ-nghệ sĩ ghita Đức, Ulli Bogershausen. Cậu từng n&oacute;i m&igrave;nh th&iacute;ch Big Bang v&igrave; cậu đ&atilde; nhiều lần biểu diễn b&agrave;i \"Haru Haru\" của Big Bang... Seongha Jeong đ&atilde; ph&aacute;t h&agrave;nh được 2 album, album đầu ti&ecirc;n Perfect Blue v&agrave; album thứ hai Irony (ph&aacute;t h&agrave;nh 21 th&aacute;ng 9 năm 2011) Bắt đầu chơi ghi ta c&aacute;ch đ&acirc;y 5 năm nhưng giờ đ&acirc;y, Jung đ&atilde; c&oacute; dịp biểu diễn c&ugrave;ng một số nghệ sĩ ghi ta vĩ đại nhất thế giới. D&ugrave; kh&ocirc;ng phải l&agrave; một ng&ocirc;i sao nổi tiếng, nhưng với t&agrave;i năng chơi ghi ta đi&ecirc;u luyện của m&igrave;nh, Jung đ&atilde; lập kỉ lục tr&ecirc;n YouTube khi chỉ mới 14 tuổi. Cậu đ&atilde; thu h&uacute;t được sự ch&uacute; &yacute; của cộng đồng mạng ngay lần đầu ti&ecirc;n đăng tải video của m&igrave;nh v&agrave;o th&aacute;ng 9 năm 2006 l&ecirc;n trang YouTube. T&iacute;nh đến nay, đ&atilde; c&oacute; khoảng 240 video của Jung được tải l&ecirc;n trang web chia sẻ video lớn nhất thế giới hiện nay n&agrave;y. Trong v&ograve;ng 42 th&aacute;ng, c&aacute;c video của Jung nhận được tổng cộng 110 triệu lượt xem v&agrave; con số n&agrave;y vẫn đang tăng l&ecirc;n từng giờ. Con đường trở th&agrave;nh ng&ocirc;i sao tr&ecirc;n Web của cậu b&eacute; Jung bắt đầu c&aacute;ch đ&acirc;y 5 năm khi bố cậu, &ocirc;ng Jung Woo-chang dạy cậu chơi ghi ta. &ldquo;T&ocirc;i bắt đầu dạy Sung-ha những d&acirc;y đ&agrave;n cơ bản v&agrave; bản nhạc đệm. T&ocirc;i ph&aacute;t hiện ra Sung-ha c&oacute; sở trường chơi \"fingerstyle\" (một kiểu chơi ghi ta bằng c&aacute;ch bấm trực tiếp l&ecirc;n d&acirc;y bằng ng&oacute;n tay hay m&oacute;ng tay)&rdquo;, bố Jung cho biết. C&aacute;c video tr&ecirc;n YouTube đ&atilde; mang lại cho cậu b&eacute; Jung sự nổi tiếng của một ng&ocirc;i sao thực sự. Kh&oacute; ai c&oacute; thể tin được những giai điệu đi&ecirc;u luyện m&agrave; m&igrave;nh đang nghe được chơi bởi một cậu b&eacute; 14 tuổi. Nhờ thế, Jung đ&atilde; c&oacute; dịp được biểu diễn c&ugrave;ng với những nghệ sĩ ghi ta nổi tiếng khắp thế giới như Tommy Emmanuel, Michel Haumont v&agrave; Kotaro Oshio. Thậm ch&iacute;, vợ g&oacute;a của danh ca huyền thoại John Lennon, b&agrave; Yoko Ono c&ograve;n hết lời ngợi khen dưới clip trong đ&oacute; Jung chơi bản nhạc của ca kh&uacute;c nổi tiếng &ldquo;All You Need is Love&rdquo; của nh&oacute;m nhạc Beatles. B&agrave; viết b&igrave;nh luận rằng: &ldquo;Cảm ơn ch&aacute;u v&igrave; một m&agrave;n biểu diễn tuyệt vời. John Lennon c&oacute; lẽ sẽ rất hạnh ph&uacute;c khi ch&aacute;u biểu diễn ca kh&uacute;c của &ocirc;ng ấy hay như vậy&rdquo;. Th&aacute;ng 2 năm 2009, Jung đ&atilde; c&oacute; buổi biểu diễn solo đầu ti&ecirc;n trong sự nghiệp tại thủ đ&ocirc; Seoul, H&agrave;n Quốc. Ngo&agrave;i ra, cậu b&eacute; cũng đ&atilde; biểu diễn tại một số li&ecirc;n hoan &acirc;m nhạc quốc tế nổi tiếng nhất thế giới, bao gồm Musikmesse Frankfurt v&agrave;o th&aacute;ng 4 v&agrave; tại Li&ecirc;n hoan Ghi ta Quốc tế Th&aacute;i Lan v&agrave;o th&aacute;ng 10 năm ngo&aacute;i. Mới đ&acirc;y nhất, Jung đ&atilde; ho&agrave;n tất chuyến lưu diễn qua 5 th&agrave;nh phố ở Mỹ với nghệ sĩ ghi ta nổi tiếng Trace Bundy v&agrave; đ&atilde; vừa bắt đầu chuyến lưu diễn k&eacute;o d&agrave;i 6 ng&agrave;y tại Phần Lan. Mục ti&ecirc;u tương lai của Jung l&agrave; trở th&agrave;nh một nghệ sĩ ghi ta fingerstyle chuy&ecirc;n nghiệp. Jung cho biết: &ldquo;T&ocirc;i rất vui v&agrave; tự h&agrave;o khi mọi người th&iacute;ch những g&igrave; t&ocirc;i l&agrave;m&rdquo;.</p>', 2147483647, 4);

-- --------------------------------------------------------

--
-- Cấu trúc bảng cho bảng `song`
--

CREATE TABLE `song` (
  `id_song` int(8) NOT NULL,
  `namesong` varchar(255) COLLATE utf8_unicode_ci NOT NULL,
  `images` varchar(255) CHARACTER SET utf32 COLLATE utf32_unicode_ci NOT NULL,
  `linkmp3` varchar(1000) COLLATE utf8_unicode_ci NOT NULL,
  `lyrics` varchar(10000) COLLATE utf8_unicode_ci NOT NULL,
  `view` int(255) NOT NULL,
  `singer` varchar(255) CHARACTER SET utf32 COLLATE utf32_unicode_ci NOT NULL,
  `id_singer` int(8) NOT NULL,
  `id_type` int(8) NOT NULL,
  `id_national` int(8) NOT NULL
) ENGINE=InnoDB DEFAULT CHARSET=utf8 COLLATE=utf8_unicode_ci;

--
-- Đang đổ dữ liệu cho bảng `song`
--

INSERT INTO `song` (`id_song`, `namesong`, `images`, `linkmp3`, `lyrics`, `view`, `singer`, `id_singer`, `id_type`, `id_national`) VALUES
(1, 'Đừng Như Thói Quen', 'Dung-Nhu-Thoi-Quen.jpg', 'Dung-Nhu-Thoi-Quen-JayKii-Sara-Luu.mp3', 'Em từng là duy nhất \r\n<br>Là cả khoảng trời trong anh \r\n<br>Nhưng đến bây giờ anh vẫn như vậy \r\n<br>Chỉ là cần một khoảng trống\r\n<br>Yêu chậm lại một chút \r\n<br>Để biết ta cần nhau hơn \r\n<br>Anh cũng rất sợ ta phải xa nhau \r\n<br>Nhưng tình yêu không như lúc trước \r\n<br>Đừng để thời gian bên nhau là thói quen \r\n<br>Là ở cạnh bên nhưng rất xa xôi \r\n<br>Từng ngày cảm giác trong tim cứ thế phai đi \r\n<br>Lạc nhau ta đâu có hay \r\n<br>Đừng để yêu thương kia giờ là nỗi đau \r\n<br>Cô đơn về nơi căn phòng ấy \r\n<br>Dành tất cả thanh xuân để thương một người \r\n<br>Giờ chỉ còn là giấc mơ... \r\n<br>Anh từng là thế giới \r\n<br>Là cả khoảng trời trong em \r\n<br>Nhưng đến bây giờ lúc em cần \r\n<br>Anh như không quan tâm \r\n<br>Chỉ cần dành một phút\r\n<br>Để hỏi em về ngày hôm nay \r\n<br>Sao đến bây giờ em phải mong chờ \r\n<br>Một điều giản đơn đến thế \r\n<br>Đừng để thời gian bên nhau là thói quen \r\n<br>Là ở cạnh bên nhưng rất xa xôi \r\n<br>Từng ngày cảm giác trong tim cứ thế phai đi \r\n<br>Lạc nhau ta đâu có hay \r\n<br>Đừng để yêu thương kia giờ là nỗi đau \r\n<br>Cô đơn về nơi căn phòng ấy \r\n<br>Dành tất cả thanh xuân để thương một người \r\n<br>Giờ chỉ còn trong giấc mơ \r\n<br>Nếu như một ngày có quay trở lại \r\n<br>Liệu vẫn còn đâu lời yêu lúc xưa \r\n<br>Em dành tất cả thanh xuân chỉ để yêu anh thôi \r\n<br>Sao giờ chẳng thể nào chạm tới \r\n<br>Sao ta chẳng thể hiểu cho nhau \r\n<br>Anh vẫn mong bên em \r\n<br>Chỉ là phút giây có khi mỏi mệt \r\n<br>Biết nỗi nhớ chẳng thể kéo ký ức quay về \r\n<br>Nên tập quên dù biết sẽ đau \r\n<br>Đừng để thời gian bên nhau là thói quen \r\n<br>Là ở cạnh bên nhưng rất xa xôi \r\n<br>Từng ngày cảm giác trong tim cứ thế phai đi \r\n<br>Lạc nhau ta đâu có hay (ta đâu có hay) \r\n<br>Đừng để yêu thương kia giờ là nỗi đau \r\n<br>Cô đơn về nơi căn phòng ấy \r\n<br>Dành tất cả thanh xuân để thương một người \r\n<br>Giờ chỉ còn là giấc mơ\r\n<br>\r\n<br>(Còn là giấc mơ...)', 143234120, ', Sara Lưu', 4, 1, 1),
(2, 'Mai Chia Tay Nhé Em', 'maichiataynheem.jpg', 'Mai-Chia-Tay-Nhe-Em-Chau-Khai-Phong-K-ICM-Quang-Dang-Tran-Q-ICM.mp3', 'Chẳng xóa đi được hình bóng một người anh đã yêu \r\n<br>Chẳng xóa đi được cảm xúc yêu thương mới hôm qua \r\n<br>Giờ đây chỉ còn lại nỗi nhớ Nỗi cô đơn và bơ vơ \r\n<br>Ước chi giây phút này em ở đây \r\n<br>Còn nhớ khi xưa ta đi bên nhau \r\n<br>Trên một con đường \r\n<br>Hẹn ước mai sau sẽ luôn \r\n<br>Không bao giờ đổi thay \r\n<br>Nhưng giờ con đường riêng anh bước đi \r\n<br>Không có em bên cạnh \r\n<br>Liệu rằng mai sau ta sẽ gặp lại nhau ??? \r\n<br>Đk: \r\n<br>Ngày mai mình hãy chia tay nhau nhé em yêu ơi \r\n<br>Để anh được yêu em thêm một lần nữa thôi \r\n<br>Để ôm em một lần cuối \r\n<br>Để giữ em một lần cuối \r\n<br>Rồi mình kết thúc xa nhau vậy thôi \r\n<br>Ngày mai mình hãy chia tay nhau nhé em yêu ơi \r\n<br>Để anh được xóa hết kí ức của đôi ta \r\n<br>Để anh được quên em \r\n<br>Và bắt đầu, cuộc sống của riêng anh', 16068691, ', K-ICM', 3, 1, 1),
(3, 'Có Nên Dừng Lại (Talk To Me)', 'conendunglai.jpg', 'Talk-To-Me-Co-Nen-Dung-Lai-Chi-Pu.mp3', 'Vì đoạn đường giờ không chung bước \r\n<br>Chuyện mình đâu ai biết trước đâu \r\n<br>Hạnh phúc đôi ta \r\n<br>Do anh tự tay xoá \r\n<br>Và vì người luôn mang gian dối \r\n<br>Nhiều lần qua đi vẫn thế thôi \r\n<br>Chẳng đắn đo về anh hay những lý do \r\n<br>Giấc mơ xa rồi \r\n<br>Tốt hơn nên vậy thôi \r\n<br>Xa nhau dù đau em sẽ vui anh ơi\r\n<br>Vết thương không lành \r\n<br>Nếu vẫn còn bên anh \r\n<br>Theo anh đôi ta có nên dừng lại\r\n<br>Baby talk to me!\r\n<br>\r\n<br>Talk to me\r\n<br>We talk to free \r\n<br>Double trouble right now \r\n<br>When you disagree\r\n<br>I have forgiven so much more than apologies \r\n<br>Illusion love that you made like a fantasy \r\n<br>\r\n<br>You love me but you hurt me\r\n<br>You lied all the time \r\n<br>And you said just belive me \r\n<br>No way\r\n<br>Face to face\r\n<br>Love is not a play\r\n<br>I gotta go my own way\r\n<br>\r\n<br>Giấc mơ xa rồi \r\n<br>Tốt hơn nên vậy thôi \r\n<br>Xa nhau dù đau em sẽ vui anh ơi \r\n<br>Vết thương không lành \r\n<br>Nếu vẫn còn bên anh \r\n<br>Theo anh đôi ta có nên dừng lại \r\n<br>\r\n<br>Tại khi kết thúc \r\n<br>Em sẽ quên anh trong một giây \r\n<br>Quên đi hết quá khứ từ đây và \r\n<br>Nước mắt đã khóc hết \r\n<br>Vậy đành chia tay \r\n<br>Hạnh phúc anh tự tìm lấy \r\n<br>\r\n<br>Xem như những lời hứa nhạt phai \r\n<br>Xem như anh chẳng biết mình sai và \r\n<br>Em không quan tâm đâu rằng anh yêu ai \r\n<br>Vì chúng ta đã dừng lại \r\n<br>\r\n<br>Em sẽ quên anh trong một giây \r\n<br>Quên đi hết quá khứ từ đây và \r\n<br>Nước mắt đã khóc hết \r\n<br>Vậy đành chia tay \r\n<br>Hạnh phúc anh tự tìm lấy \r\n<br>Xem như những lời hứa nhạt phai \r\n<br>Xem như anh chẳng biết mình sai và \r\n<br>Em không quan tâm đâu rằng anh yêu ai \r\n<br>Vì chúng ta đã dừng lại\r\n<br>\r\n<br>Vì chúng ta đã dừng lại\r\n<br>\r\n<br>Vì chúng ta đã dừng lại\r\n<br>\r\n<br>Vì chúng ta đã dừng lại\r\n<br>\r\n<br>Theo anh để tất cả nên dừng lại\r\n<br>Let me talk to you!\r\n<br>\r\n<br>Dừng lại\r\n<br>\r\n<br>Dừng lại\r\n<br>\r\n<br>Dừng lại\r\n<br>\r\n<br>&#8203;Dừng lại &#8203;\r\n<br>\r\n<br>&#8203;Dừng lại\r\n<br>\r\n<br>Có nên dừng lại&#8203;...', 24215177, '', 1, 1, 1),
(4, 'Lạc Trôi', 'lactroi.jpg', 'LacTroi-SonTungMTP-4725907.mp3', 'Người theo hương hoa mây mù giăng lối\r\n<br>Làn sương khói phôi phai đưa bước ai xa rồi\r\n<br>Đơn côi mình ta vấn vương hồi ức trong men say chiều mưa buồn !\r\n<br>Ngăn giọt lệ ngừng khiến khoé mi sầu bi \r\n<br>Đường xưa nơi cố nhân từ giã biệt li\r\n<br>Cánh hoa rụng rơi\r\n<br>Phận duyên mong manh rẽ lối trông mơ ngày tương phùng !!!!\r\n<br>Ohhhh ...\r\n<br>Tiếng khóc cuốn theo làn gió bay\r\n<br>Thuyền ai qua sông lỡ quên vớt ánh trăng tàn nơi này\r\n<br>Trống vắng bóng ai dần hao gầy\r\n<br>Ehhhhhh\r\n<br>Lòng ta xin nguyện khắc ghi trong tim tình nồng mê say\r\n<br>Mặc cho tóc mây vương lên đôi môi cay \r\n<br>Bâng khuâng mình ta lạc trôi giữa đời\r\n<br>Ta lạc trôi giữa trời !!!!\r\n<br>Đôi chân lang thang về nơi đâu\r\n<br>Bao yêu thương giờ nơi đâu\r\n<br>Câu thơ tình xưa vội phai mờ\r\n<br>Theo làn sương tan biến trong cõi mơ\r\n<br>Mưa bụi vương trên làn mi mắt\r\n<br>Ngày chia lìa hoa rơi buồn hiu hắt\r\n<br>Tiếng đàn ai thêm sầu tương tư lặng mình trong chiều hoàng hôn ... Tan vào lời ca ..???\r\n<br>Lối mòn đường vắng một mình ta\r\n<br>Nắng chiều vàng úa nhuộm ngày qua\r\n<br>Xin đừng quay lưng xoá \r\n<br>Đừng mang câu hẹn ước kia rời xa\r\n<br>Yên bình nơi nào đây\r\n<br>Chôn vùi theo làn mây\r\n<br>Ehhhh...', 254221473, '', 2, 1, 1),
(5, 'Chạm Đáy Nỗi Đau', 'chamdaynoidau.jpg', 'Cham-Day-Noi-Dau-ERIK.mp3', 'Luôn bên em là tôi... lâu nay không chút thay đổi...\r\n<br>Thế nhưng bây giờ em muốn chia tay vì: Tôi vẫn còn trẻ con\r\n<br>Babe! Kajima! Stay here with me! Kajima!\r\n<br>Hụt hẫng...\r\n<br>Gạt nước mắt nhớ ngày buồn nhất...\r\n<br> \r\n<br>Không muốn ai thay mình chăm sóc em những ngày tới!\r\n<br>Thoáng nghĩ đã đau lòng nhưng trách ai đây ngoài tôi...\r\n<br>Em bước đi nhẹ nhàng... (Em đang xa tôi nhẹ nhàng)\r\n<br>Nhưng trong anh bão tố! (Giấu hết bão tố trong tim)\r\n<br> \r\n<br>Chorus:\r\n<br>Nghẹn câu: \"Em đừng đi nữa...\"\r\n<br>Nhưng tại môi mím chặt chẳng thể một lần nói ra...\r\n<br>Chẳng ai có thể chỉ một ngày mà tốt hơn\r\n<br>Chẳng lầm lỗi nào chỉ một giây mà xóa mờ\r\n<br>Mình không thể lâu dài, chỉ vì tôi ngây ngô!\r\n<br>(Ngốc nghếch nên tình thơ mới chết \r\n<br>Vô vọng trong bóng tối mình tôi)\r\n<br>\r\n<br>Thời gian sẽ minh chứng tất cả \r\n<br>Và cũng có thể ngoảnh đi bỏ mặc chúng ta..\r\n<br>Ngón tay ấy buông xuôi vì chẳng cần tôi ở bên\r\n<br>Đã từ chối cơ hội để đợi tôi vững vàng\r\n<br>Ngồi khóc giữa cơn mưa, mới thấu đâu là..\r\n<br>Chạm đáy của nỗi đau...\r\n<br> \r\n<br>Giang tấu:\r\n<br>Ngày cuối ở bên\r\n<br>Môi tôi không thể nuôi can đảm để thốt lên\r\n<br>Rời xa vòng tay\r\n<br>Em cho tôi cảm giác nhung nhớ đến thế nào\r\n<br>Từ biệt chưa nói câu chào mà sao muốn bước đi vội?\r\n<br>Mới có nhau thôi lại xóa hết những yêu thương rồi?\r\n<br> \r\n<br>Bàn tay tôi nắm chặt\r\n<br>Ngước lên bầu Trời để nước mắt không tuôn rơi\r\n<br>Người là ánh sáng dẫn tôi tìm những giấc mơ\r\n<br>Giờ phía trước mịt mù trong bóng tối \r\n<br>Nỗi sợ I\'m losing you…\r\n<br> \r\n<br>Ver2:\r\n<br>Babe! Kajima! Stay here with me! Kajima!\r\n<br>Hụt hẫng...\r\n<br>Gạt nước mắt nhớ ngày buồn nhất…\r\n<br>Từ sâu trong lòng\r\n<br>Không muốn ai thay mình chăm sóc em những ngày tới!\r\n<br>Thoáng nghĩ đã đau lòng nhưng trách ai đây ngoài tôi...\r\n<br>Em bước đi nhẹ nhàng... (Em đang xa tôi nhẹ nhàng)\r\n<br>Nhưng trong anh bão tố! (Giấu hết bão tố trong tim)\r\n<br>\r\n<br>\r\n<br>Chorus cuối:\r\n<br>Babe! Babe! Kajima...\r\n<br>Babe! Babe! Kajima...\r\n<br>Mình không thể lâu dài, chỉ vì tôi ngây ngô!\r\n<br>\r\n<br>Thời gian sẽ minh chứng tất cả \r\n<br>Và cũng có thể ngoảnh đi bỏ mặc chúng ta..\r\n<br>Ngón tay ấy buông xuôi vì chẳng cần tôi ở bên\r\n<br>Đã từ chối cơ hội để đợi tôi vững vàng\r\n<br>Ngồi khóc giữa cơn mưa, mới thấu đâu là..\r\n<br>Chạm đáy của nỗi đau...\r\n<br>...\r\n<br>Không muốn ai thay mình chăm sóc em những ngày tới!\r\n<br>Thoáng nghĩ đã đau lòng nhưng trách ai đây ngoài tôi...', 85070843, '', 5, 1, 1),
(6, 'Người Lạ Ơi', 'nguoilaoi.jpg', 'Nguoi-La-Oi-Karik-Orange-Superbrothers.mp3', '<p><span style=\"color: #333333; font-family: Roboto, Helvetica, Arial, sans-serif;\">T&ocirc;i lạc quan giữa đ&aacute;m đ&ocirc;ng,&nbsp;</span><br style=\"color: #333333; font-family: Roboto, Helvetica, Arial, sans-serif;\" /><span style=\"color: #333333; font-family: Roboto, Helvetica, Arial, sans-serif;\">nhưng khi một m&igrave;nh th&igrave; lại kh&ocirc;ng&nbsp;</span><br style=\"color: #333333; font-family: Roboto, Helvetica, Arial, sans-serif;\" /><span style=\"color: #333333; font-family: Roboto, Helvetica, Arial, sans-serif;\">Cố tỏ ra l&agrave; m&igrave;nh ổn,&nbsp;</span><br style=\"color: #333333; font-family: Roboto, Helvetica, Arial, sans-serif;\" /><span style=\"color: #333333; font-family: Roboto, Helvetica, Arial, sans-serif;\">nhưng s&acirc;u b&ecirc;n trong nước mắt l&agrave; biển rộng&nbsp;</span><br style=\"color: #333333; font-family: Roboto, Helvetica, Arial, sans-serif;\" /><span style=\"color: #333333; font-family: Roboto, Helvetica, Arial, sans-serif;\">Lắm l&uacute;c chỉ muốn c&oacute; ai đ&oacute;,&nbsp;</span><br style=\"color: #333333; font-family: Roboto, Helvetica, Arial, sans-serif;\" /><span style=\"color: #333333; font-family: Roboto, Helvetica, Arial, sans-serif;\">dang tay &ocirc;m lấy t&ocirc;i v&agrave;o l&ograve;ng&nbsp;</span><br style=\"color: #333333; font-family: Roboto, Helvetica, Arial, sans-serif;\" /><span style=\"color: #333333; font-family: Roboto, Helvetica, Arial, sans-serif;\">Cho tiếng cười trong mắt được vang vọng,&nbsp;</span><br style=\"color: #333333; font-family: Roboto, Helvetica, Arial, sans-serif;\" /><span style=\"color: #333333; font-family: Roboto, Helvetica, Arial, sans-serif;\">c&ocirc; đơn một lần rồi khỏi những khoảng trống.&nbsp;</span><br style=\"color: #333333; font-family: Roboto, Helvetica, Arial, sans-serif;\" /><br style=\"color: #333333; font-family: Roboto, Helvetica, Arial, sans-serif;\" /><span style=\"color: #333333; font-family: Roboto, Helvetica, Arial, sans-serif;\">Mang niềm tin phủ nắng nơi u uất&nbsp;</span><br style=\"color: #333333; font-family: Roboto, Helvetica, Arial, sans-serif;\" /><span style=\"color: #333333; font-family: Roboto, Helvetica, Arial, sans-serif;\">để trời cảm x&uacute;c t&igrave;m về với mầm sống&nbsp;</span><br style=\"color: #333333; font-family: Roboto, Helvetica, Arial, sans-serif;\" /><span style=\"color: #333333; font-family: Roboto, Helvetica, Arial, sans-serif;\">Để nỗi buồn th&ocirc;i b&aacute;m v&iacute;u m&agrave;n đ&ecirc;m,&nbsp;</span><br style=\"color: #333333; font-family: Roboto, Helvetica, Arial, sans-serif;\" /><span style=\"color: #333333; font-family: Roboto, Helvetica, Arial, sans-serif;\">sương tr&ecirc;n kh&oacute;e mi ng&agrave;y mai th&ocirc;i ngừng đọng&nbsp;</span><br style=\"color: #333333; font-family: Roboto, Helvetica, Arial, sans-serif;\" /><span style=\"color: #333333; font-family: Roboto, Helvetica, Arial, sans-serif;\">Chỉ một lần th&ocirc;i, cho sự yếu đuối h&ocirc;m nay th&ocirc;i đợi mong&nbsp;</span><br style=\"color: #333333; font-family: Roboto, Helvetica, Arial, sans-serif;\" /><span style=\"color: #333333; font-family: Roboto, Helvetica, Arial, sans-serif;\">Người lạ ơi! Người đến ủi an t&acirc;m hồn n&agrave;y được kh&ocirc;ng?&nbsp;</span><br style=\"color: #333333; font-family: Roboto, Helvetica, Arial, sans-serif;\" /><br style=\"color: #333333; font-family: Roboto, Helvetica, Arial, sans-serif;\" /><span style=\"color: #333333; font-family: Roboto, Helvetica, Arial, sans-serif;\">Người lạ ơi! Xin h&atilde;y cho t&ocirc;i mượn bờ vai&nbsp;</span><br style=\"color: #333333; font-family: Roboto, Helvetica, Arial, sans-serif;\" /><span style=\"color: #333333; font-family: Roboto, Helvetica, Arial, sans-serif;\">Tựa đầu gục ng&atilde; v&igrave; mỏi mệt qu&aacute;&nbsp;</span><br style=\"color: #333333; font-family: Roboto, Helvetica, Arial, sans-serif;\" /><span style=\"color: #333333; font-family: Roboto, Helvetica, Arial, sans-serif;\">Người lạ ơi! Xin h&atilde;y cho t&ocirc;i mượn nụ h&ocirc;n&nbsp;</span><br style=\"color: #333333; font-family: Roboto, Helvetica, Arial, sans-serif;\" /><span style=\"color: #333333; font-family: Roboto, Helvetica, Arial, sans-serif;\">Mượn rồi t&ocirc;i trả, đừng vội v&agrave;ng qu&aacute;&nbsp;</span><br style=\"color: #333333; font-family: Roboto, Helvetica, Arial, sans-serif;\" /><br style=\"color: #333333; font-family: Roboto, Helvetica, Arial, sans-serif;\" /><span style=\"color: #333333; font-family: Roboto, Helvetica, Arial, sans-serif;\">Người lạ ơi! Xin h&atilde;y gh&eacute; mua gi&ugrave;m t&ocirc;i&nbsp;</span><br style=\"color: #333333; font-family: Roboto, Helvetica, Arial, sans-serif;\" /><span style=\"color: #333333; font-family: Roboto, Helvetica, Arial, sans-serif;\">Một liều qu&ecirc;n l&atilde;ng, để t&ocirc;i thanh thản&nbsp;</span><br style=\"color: #333333; font-family: Roboto, Helvetica, Arial, sans-serif;\" /><span style=\"color: #333333; font-family: Roboto, Helvetica, Arial, sans-serif;\">Người lạ ơi! Xin h&atilde;y cho t&ocirc;i mượn niềm vui&nbsp;</span><br style=\"color: #333333; font-family: Roboto, Helvetica, Arial, sans-serif;\" /><span style=\"color: #333333; font-family: Roboto, Helvetica, Arial, sans-serif;\">Để lần yếu đuối n&agrave;y l&agrave; lần cuối th&ocirc;i&nbsp;</span><br style=\"color: #333333; font-family: Roboto, Helvetica, Arial, sans-serif;\" /><br style=\"color: #333333; font-family: Roboto, Helvetica, Arial, sans-serif;\" /><span style=\"color: #333333; font-family: Roboto, Helvetica, Arial, sans-serif;\">[Rap:]&nbsp;</span><br style=\"color: #333333; font-family: Roboto, Helvetica, Arial, sans-serif;\" /><span style=\"color: #333333; font-family: Roboto, Helvetica, Arial, sans-serif;\">C&ocirc; đơn, lẻ loi, t&acirc;m tư như s&oacute;ng đ&aacute;nh&nbsp;</span><br style=\"color: #333333; font-family: Roboto, Helvetica, Arial, sans-serif;\" /><span style=\"color: #333333; font-family: Roboto, Helvetica, Arial, sans-serif;\">Chơi vơi, mệt mỏi, t&acirc;m hồn th&igrave; mong manh&nbsp;</span><br style=\"color: #333333; font-family: Roboto, Helvetica, Arial, sans-serif;\" /><span style=\"color: #333333; font-family: Roboto, Helvetica, Arial, sans-serif;\">Kh&ocirc;ng cần người phải qu&aacute; s&acirc;u sắc,&nbsp;</span><br style=\"color: #333333; font-family: Roboto, Helvetica, Arial, sans-serif;\" /><span style=\"color: #333333; font-family: Roboto, Helvetica, Arial, sans-serif;\">chỉ cần bờ vai người đủ rộng&nbsp;</span><br style=\"color: #333333; font-family: Roboto, Helvetica, Arial, sans-serif;\" /><span style=\"color: #333333; font-family: Roboto, Helvetica, Arial, sans-serif;\">Ch&acirc;n th&agrave;nh đừng giấu sau m&agrave;u mắt,&nbsp;</span><br style=\"color: #333333; font-family: Roboto, Helvetica, Arial, sans-serif;\" /><span style=\"color: #333333; font-family: Roboto, Helvetica, Arial, sans-serif;\">c&ugrave;ng chia sớt những nỗi sầu m&ecirc;nh m&ocirc;ng&nbsp;</span><br style=\"color: #333333; font-family: Roboto, Helvetica, Arial, sans-serif;\" /><span style=\"color: #333333; font-family: Roboto, Helvetica, Arial, sans-serif;\">Cho tr&aacute;i tim yếu đuối được nghỉ ngơi,&nbsp;</span><br style=\"color: #333333; font-family: Roboto, Helvetica, Arial, sans-serif;\" /><span style=\"color: #333333; font-family: Roboto, Helvetica, Arial, sans-serif;\">c&otilde;i l&ograve;ng hoang sơ h&ocirc;m nay th&ocirc;i dậy s&oacute;ng&nbsp;</span><br style=\"color: #333333; font-family: Roboto, Helvetica, Arial, sans-serif;\" /><span style=\"color: #333333; font-family: Roboto, Helvetica, Arial, sans-serif;\">Một người với t&ocirc;i vậy l&agrave; đủ,&nbsp;</span><br style=\"color: #333333; font-family: Roboto, Helvetica, Arial, sans-serif;\" /><span style=\"color: #333333; font-family: Roboto, Helvetica, Arial, sans-serif;\">những thứ c&ograve;n lại chẳng quan trọng&nbsp;</span><br style=\"color: #333333; font-family: Roboto, Helvetica, Arial, sans-serif;\" /><span style=\"color: #333333; font-family: Roboto, Helvetica, Arial, sans-serif;\">Một người kh&ocirc;ng bao giờ nhắc về qu&aacute; khứ,&nbsp;</span><br style=\"color: #333333; font-family: Roboto, Helvetica, Arial, sans-serif;\" /><span style=\"color: #333333; font-family: Roboto, Helvetica, Arial, sans-serif;\">kh&ocirc;ng để t&acirc;m tới những ng&agrave;y t&ocirc;i ng&acirc;y dại&nbsp;</span><br style=\"color: #333333; font-family: Roboto, Helvetica, Arial, sans-serif;\" /><span style=\"color: #333333; font-family: Roboto, Helvetica, Arial, sans-serif;\">Mở l&ograve;ng bao dung bằng tất cả thương cảm&nbsp;</span><br style=\"color: #333333; font-family: Roboto, Helvetica, Arial, sans-serif;\" /><span style=\"color: #333333; font-family: Roboto, Helvetica, Arial, sans-serif;\">d&ugrave; biết chẳng thể c&ugrave;ng đi hết ng&agrave;y mai&nbsp;</span><br style=\"color: #333333; font-family: Roboto, Helvetica, Arial, sans-serif;\" /><span style=\"color: #333333; font-family: Roboto, Helvetica, Arial, sans-serif;\">Cứ nhẹ nh&agrave;ng, b&igrave;nh y&ecirc;n như m&acirc;y tr&ocirc;i&nbsp;</span><br style=\"color: #333333; font-family: Roboto, Helvetica, Arial, sans-serif;\" /><span style=\"color: #333333; font-family: Roboto, Helvetica, Arial, sans-serif;\">Cảm x&uacute;c kh&ocirc;ng cần phải &ldquo;ngay&rdquo; lối&nbsp;</span><br style=\"color: #333333; font-family: Roboto, Helvetica, Arial, sans-serif;\" /><span style=\"color: #333333; font-family: Roboto, Helvetica, Arial, sans-serif;\">Lắng nghe thật khẽ c&otilde;i l&ograve;ng t&ocirc;i,&nbsp;</span><br style=\"color: #333333; font-family: Roboto, Helvetica, Arial, sans-serif;\" /><span style=\"color: #333333; font-family: Roboto, Helvetica, Arial, sans-serif;\">một người t&ocirc;i cần l&uacute;c n&agrave;y chỉ vậy th&ocirc;i.&nbsp;</span><br style=\"color: #333333; font-family: Roboto, Helvetica, Arial, sans-serif;\" /><br style=\"color: #333333; font-family: Roboto, Helvetica, Arial, sans-serif;\" /><span style=\"color: #333333; font-family: Roboto, Helvetica, Arial, sans-serif;\">Người lạ ơi! Xin h&atilde;y cho t&ocirc;i mượn bờ vai&nbsp;</span><br style=\"color: #333333; font-family: Roboto, Helvetica, Arial, sans-serif;\" />&lt;span style=\"col', 253868547, '', 7, 1, 1),
(7, 'Chuyện Anh Vẫn Chưa Kể', 'chuyenanhvanchuake.jpg', 'Chuyen-Anh-Van-Chua-Ke-Chi-Dan.mp3', '<p>C&oacute; ai n&oacute;i ra hết nỗi l&ograve;ng t&ocirc;i,h&igrave;nh như t&ocirc;i đ&atilde; y&ecirc;u biết nhớ thương thật nhiều&nbsp;</p>\r\n<p>T&ocirc;i y&ecirc;u từng cử chỉ &aacute;nh mắt,dịu d&agrave;ng quan t&acirc;m&nbsp;</p>\r\n<p>T&ocirc;i y&ecirc;u tất cả những g&igrave; thuộc về nhau&nbsp;</p>\r\n<p>&nbsp;</p>\r\n<p>Đợi mong nhau từng đ&ecirc;m&nbsp;</p>\r\n<p>Nỗi nhớ như d&agrave;i th&ecirc;m&nbsp;</p>\r\n<p>T&ocirc;i sợ m&igrave;nh qu&aacute; ngốc khi đ&atilde; lỡ tr&oacute;t y&ecirc;u một người&nbsp;</p>\r\n<p>Gọi l&agrave; bạn th&acirc;n ch&iacute; cốt,một người th&acirc;n quen&nbsp;</p>\r\n<p>T&ocirc;i ngỡ ngỡ như l&agrave; đ&atilde; y&ecirc;u.&nbsp;</p>\r\n<p>&nbsp;</p>\r\n<p>Kh&ocirc;ng biết phải l&agrave;m sao,khi kh&ocirc;ng gặp được nhau&nbsp;</p>\r\n<p>Cố gắng cũng vậy th&ocirc;i,y&ecirc;u đương chỉ m&igrave;nh t&ocirc;i&nbsp;</p>\r\n<p>L&agrave; người thiệt th&ograve;i,nước mắt kh&ocirc;ng thể cho t&ocirc;i được cạnh em lo lắng cho em&nbsp;</p>\r\n<p>&nbsp;</p>\r\n<p>Anh đ&atilde; nhiều lần tin,em y&ecirc;u người trong k&iacute;nh&nbsp;</p>\r\n<p>Em chẳng c&oacute; g&igrave; sai,anh biết anh l&agrave; ai.&nbsp;</p>\r\n<p>Dẫu nếu c&oacute; ng&agrave;y mai,anh n&oacute;i ra sợ ph&ocirc;i phai kh&ocirc;ng được gặp em&nbsp;</p>\r\n<p>Chắc anh c&ograve;n tồn tại???&nbsp;</p>\r\n<p>&nbsp;</p>\r\n<p>Một khi anh n&oacute;i ra hết liệu em c&oacute; cho anh lựa chọn&nbsp;</p>\r\n<p>Một l&agrave; giữ t&igrave;nh bạn,hai l&agrave; ta sẽ kh&ocirc;ng bao giờ gặp nhau&nbsp;</p>\r\n<p>Một khi n&oacute;i ra hết d&ugrave; cho mất em anh cũng đ&agrave;nh&nbsp;</p>\r\n<p>C&ograve;n hơn để m&atilde;i l&ograve;ng anh phải đau đớn.</p>', 50075990, '', 8, 1, 1),
(8, 'Em Sai Rồi Anh Xin Lỗi Em Đi', 'emsairoianhxinloiemdi.jpg', 'Em-Sai-Roi-Anh-Xin-Loi-Em-Di-Chi-Pu.mp3', '<p><span style=\"color: #333333; font-family: Roboto, Helvetica, Arial, sans-serif;\">Tối h&ocirc;m nay anh c&oacute; g&igrave; bận t&acirc;m&nbsp;</span><br style=\"color: #333333; font-family: Roboto, Helvetica, Arial, sans-serif;\" /><span style=\"color: #333333; font-family: Roboto, Helvetica, Arial, sans-serif;\">M&agrave; sao hỏi anh vẫn cứ chối&nbsp;</span><br style=\"color: #333333; font-family: Roboto, Helvetica, Arial, sans-serif;\" /><span style=\"color: #333333; font-family: Roboto, Helvetica, Arial, sans-serif;\">Kh&ocirc;ng muốn n&oacute;i cứ ngồi lặng c&acirc;m&nbsp;</span><br style=\"color: #333333; font-family: Roboto, Helvetica, Arial, sans-serif;\" /><span style=\"color: #333333; font-family: Roboto, Helvetica, Arial, sans-serif;\">Oh oh&nbsp;</span><br style=\"color: #333333; font-family: Roboto, Helvetica, Arial, sans-serif;\" /><br style=\"color: #333333; font-family: Roboto, Helvetica, Arial, sans-serif;\" /><span style=\"color: #333333; font-family: Roboto, Helvetica, Arial, sans-serif;\">Thấy, h&ocirc;m qua em c&oacute; nhiều điều sai&nbsp;</span><br style=\"color: #333333; font-family: Roboto, Helvetica, Arial, sans-serif;\" /><span style=\"color: #333333; font-family: Roboto, Helvetica, Arial, sans-serif;\">Người cứ gọi em chẳng bắt m&aacute;y&nbsp;</span><br style=\"color: #333333; font-family: Roboto, Helvetica, Arial, sans-serif;\" /><span style=\"color: #333333; font-family: Roboto, Helvetica, Arial, sans-serif;\">Em v&ocirc; tư kh&ocirc;ng cần ng&agrave;y mai&nbsp;</span><br style=\"color: #333333; font-family: Roboto, Helvetica, Arial, sans-serif;\" /><span style=\"color: #333333; font-family: Roboto, Helvetica, Arial, sans-serif;\">Oh oh&nbsp;</span><br style=\"color: #333333; font-family: Roboto, Helvetica, Arial, sans-serif;\" /><br style=\"color: #333333; font-family: Roboto, Helvetica, Arial, sans-serif;\" /><span style=\"color: #333333; font-family: Roboto, Helvetica, Arial, sans-serif;\">Oh no&nbsp;</span><br style=\"color: #333333; font-family: Roboto, Helvetica, Arial, sans-serif;\" /><span style=\"color: #333333; font-family: Roboto, Helvetica, Arial, sans-serif;\">Cả h&ocirc;m nay em đ&atilde; suy nghĩ&nbsp;</span><br style=\"color: #333333; font-family: Roboto, Helvetica, Arial, sans-serif;\" /><span style=\"color: #333333; font-family: Roboto, Helvetica, Arial, sans-serif;\">Rằng nếu&nbsp;</span><br style=\"color: #333333; font-family: Roboto, Helvetica, Arial, sans-serif;\" /><span style=\"color: #333333; font-family: Roboto, Helvetica, Arial, sans-serif;\">Cứ giận hờn sẽ kh&ocirc;ng c&oacute; &iacute;ch chi&nbsp;</span><br style=\"color: #333333; font-family: Roboto, Helvetica, Arial, sans-serif;\" /><br style=\"color: #333333; font-family: Roboto, Helvetica, Arial, sans-serif;\" /><span style=\"color: #333333; font-family: Roboto, Helvetica, Arial, sans-serif;\">Người hỡi&nbsp;</span><br style=\"color: #333333; font-family: Roboto, Helvetica, Arial, sans-serif;\" /><span style=\"color: #333333; font-family: Roboto, Helvetica, Arial, sans-serif;\">Những điều anh đ&atilde; n&oacute;i rất đ&uacute;ng&nbsp;</span><br style=\"color: #333333; font-family: Roboto, Helvetica, Arial, sans-serif;\" /><span style=\"color: #333333; font-family: Roboto, Helvetica, Arial, sans-serif;\">Em sai rồi em sai rồi em sai rồi&nbsp;</span><br style=\"color: #333333; font-family: Roboto, Helvetica, Arial, sans-serif;\" /><span style=\"color: #333333; font-family: Roboto, Helvetica, Arial, sans-serif;\">Anh xin lỗi em đi&nbsp;</span><br style=\"color: #333333; font-family: Roboto, Helvetica, Arial, sans-serif;\" /><br style=\"color: #333333; font-family: Roboto, Helvetica, Arial, sans-serif;\" /><span style=\"color: #333333; font-family: Roboto, Helvetica, Arial, sans-serif;\">(C&oacute; những l&uacute;c em v&ocirc; t&acirc;m hơn l&agrave; bận t&acirc;m)&nbsp;</span><br style=\"color: #333333; font-family: Roboto, Helvetica, Arial, sans-serif;\" /><span style=\"color: #333333; font-family: Roboto, Helvetica, Arial, sans-serif;\">Em đ&atilde; sai&nbsp;</span><br style=\"color: #333333; font-family: Roboto, Helvetica, Arial, sans-serif;\" /><span style=\"color: #333333; font-family: Roboto, Helvetica, Arial, sans-serif;\">Anh xin lỗi em đi&nbsp;</span><br style=\"color: #333333; font-family: Roboto, Helvetica, Arial, sans-serif;\" /><span style=\"color: #333333; font-family: Roboto, Helvetica, Arial, sans-serif;\">(C&oacute; những l&uacute;c em v&ocirc; tư chẳng cần sầu tư)&nbsp;</span><br style=\"color: #333333; font-family: Roboto, Helvetica, Arial, sans-serif;\" /><br style=\"color: #333333; font-family: Roboto, Helvetica, Arial, sans-serif;\" /><span style=\"color: #333333; font-family: Roboto, Helvetica, Arial, sans-serif;\">Em đ&atilde; sai&nbsp;</span><br style=\"color: #333333; font-family: Roboto, Helvetica, Arial, sans-serif;\" /><span style=\"color: #333333; font-family: Roboto, Helvetica, Arial, sans-serif;\">D&ugrave; em biết em biết em c&ograve;n em c&ograve;n&nbsp;</span><br style=\"color: #333333; font-family: Roboto, Helvetica, Arial, sans-serif;\" /><span style=\"color: #333333; font-family: Roboto, Helvetica, Arial, sans-serif;\">Những sai lầm chẳng như ai&nbsp;</span><br style=\"color: #333333; font-family: Roboto, Helvetica, Arial, sans-serif;\" /><span style=\"color: #333333; font-family: Roboto, Helvetica, Arial, sans-serif;\">Anh xin lỗi em đi&nbsp;</span><br style=\"color: #333333; font-family: Roboto, Helvetica, Arial, sans-serif;\" /><br style=\"color: #333333; font-family: Roboto, Helvetica, Arial, sans-serif;\" /><span style=\"color: #333333; font-family: Roboto, Helvetica, Arial, sans-serif;\">Anh xin lỗi em đi&nbsp;</span><br style=\"color: #333333; font-family: Roboto, Helvetica, Arial, sans-serif;\" /><span style=\"color: #333333; font-family: Roboto, Helvetica, Arial, sans-serif;\">Từ nay em sẽ kh&ocirc;ng thế nữa&nbsp;</span><br style=\"color: #333333; font-family: Roboto, Helvetica, Arial, sans-serif;\" /><span style=\"color: #333333; font-family: Roboto, Helvetica, Arial, sans-serif;\">Anh xin lỗi em đi x4</span></p>', 27533212, '', 1, 1, 1),
(9, 'Nơi Này Có Anh', 'noinaycoanh.jpg', 'Noi-Nay-Co-Anh-Son-Tung-M-TP.mp3', '<p><span style=\"color: #333333; font-family: Roboto, Helvetica, Arial, sans-serif;\">Em l&agrave; ai từ đ&acirc;u bước đến nơi đ&acirc;y dịu d&agrave;ng ch&acirc;n phương&nbsp;</span><br style=\"color: #333333; font-family: Roboto, Helvetica, Arial, sans-serif;\" /><span style=\"color: #333333; font-family: Roboto, Helvetica, Arial, sans-serif;\">Em l&agrave; ai tựa như &aacute;nh nắng ban mai ngọt ng&agrave;o trong sương&nbsp;</span><br style=\"color: #333333; font-family: Roboto, Helvetica, Arial, sans-serif;\" /><span style=\"color: #333333; font-family: Roboto, Helvetica, Arial, sans-serif;\">Ngắm em thật l&acirc;u con tim anh yếu mềm&nbsp;</span><br style=\"color: #333333; font-family: Roboto, Helvetica, Arial, sans-serif;\" /><span style=\"color: #333333; font-family: Roboto, Helvetica, Arial, sans-serif;\">Đắm say từ ph&uacute;t đ&oacute; từng gi&acirc;y tr&ocirc;i y&ecirc;u th&ecirc;m.&nbsp;</span><br style=\"color: #333333; font-family: Roboto, Helvetica, Arial, sans-serif;\" /><br style=\"color: #333333; font-family: Roboto, Helvetica, Arial, sans-serif;\" /><span style=\"color: #333333; font-family: Roboto, Helvetica, Arial, sans-serif;\">Bao ng&agrave;y qua b&igrave;nh minh đ&aacute;nh thức xua tan bộn bề nơi anh&nbsp;</span><br style=\"color: #333333; font-family: Roboto, Helvetica, Arial, sans-serif;\" /><span style=\"color: #333333; font-family: Roboto, Helvetica, Arial, sans-serif;\">Bao ng&agrave;y qua niềm thương nỗi nhớ bay theo bầu trời trong xanh&nbsp;</span><br style=\"color: #333333; font-family: Roboto, Helvetica, Arial, sans-serif;\" /><span style=\"color: #333333; font-family: Roboto, Helvetica, Arial, sans-serif;\">Liếc đ&ocirc;i h&agrave;ng mi mong manh anh thẫn thờ&nbsp;</span><br style=\"color: #333333; font-family: Roboto, Helvetica, Arial, sans-serif;\" /><span style=\"color: #333333; font-family: Roboto, Helvetica, Arial, sans-serif;\">Muốn h&ocirc;n nhẹ m&aacute;i t&oacute;c bờ m&ocirc;i em, anh mơ.&nbsp;</span><br style=\"color: #333333; font-family: Roboto, Helvetica, Arial, sans-serif;\" /><br style=\"color: #333333; font-family: Roboto, Helvetica, Arial, sans-serif;\" /><span style=\"color: #333333; font-family: Roboto, Helvetica, Arial, sans-serif;\">[ĐK:]&nbsp;</span><br style=\"color: #333333; font-family: Roboto, Helvetica, Arial, sans-serif;\" /><span style=\"color: #333333; font-family: Roboto, Helvetica, Arial, sans-serif;\">Cầm tay anh, dựa vai anh&nbsp;</span><br style=\"color: #333333; font-family: Roboto, Helvetica, Arial, sans-serif;\" /><span style=\"color: #333333; font-family: Roboto, Helvetica, Arial, sans-serif;\">Kề b&ecirc;n anh nơi n&agrave;y c&oacute; anh&nbsp;</span><br style=\"color: #333333; font-family: Roboto, Helvetica, Arial, sans-serif;\" /><span style=\"color: #333333; font-family: Roboto, Helvetica, Arial, sans-serif;\">Gi&oacute; mang c&acirc;u t&igrave;nh ca&nbsp;</span><br style=\"color: #333333; font-family: Roboto, Helvetica, Arial, sans-serif;\" /><span style=\"color: #333333; font-family: Roboto, Helvetica, Arial, sans-serif;\">Ng&agrave;n &aacute;nh sao vụt qua nhẹ &ocirc;m lấy em&nbsp;</span><br style=\"color: #333333; font-family: Roboto, Helvetica, Arial, sans-serif;\" /><span style=\"color: #333333; font-family: Roboto, Helvetica, Arial, sans-serif;\">(Y&ecirc;u em thương em con tim anh ch&acirc;n th&agrave;nh).&nbsp;</span><br style=\"color: #333333; font-family: Roboto, Helvetica, Arial, sans-serif;\" /><br style=\"color: #333333; font-family: Roboto, Helvetica, Arial, sans-serif;\" /><span style=\"color: #333333; font-family: Roboto, Helvetica, Arial, sans-serif;\">Cầm tay anh, dựa vai anh&nbsp;</span><br style=\"color: #333333; font-family: Roboto, Helvetica, Arial, sans-serif;\" /><span style=\"color: #333333; font-family: Roboto, Helvetica, Arial, sans-serif;\">Kề b&ecirc;n anh nơi n&agrave;y c&oacute; anh&nbsp;</span><br style=\"color: #333333; font-family: Roboto, Helvetica, Arial, sans-serif;\" /><span style=\"color: #333333; font-family: Roboto, Helvetica, Arial, sans-serif;\">Kh&eacute;p đ&ocirc;i mi thật l&acirc;u&nbsp;</span><br style=\"color: #333333; font-family: Roboto, Helvetica, Arial, sans-serif;\" /><span style=\"color: #333333; font-family: Roboto, Helvetica, Arial, sans-serif;\">Nguyện m&atilde;i b&ecirc;n cạnh nhau&nbsp;</span><br style=\"color: #333333; font-family: Roboto, Helvetica, Arial, sans-serif;\" /><span style=\"color: #333333; font-family: Roboto, Helvetica, Arial, sans-serif;\">Y&ecirc;u say đắm như ng&agrave;y đầu.&nbsp;</span><br style=\"color: #333333; font-family: Roboto, Helvetica, Arial, sans-serif;\" /><br style=\"color: #333333; font-family: Roboto, Helvetica, Arial, sans-serif;\" /><span style=\"color: #333333; font-family: Roboto, Helvetica, Arial, sans-serif;\">M&ugrave;a xu&acirc;n đến b&igrave;nh y&ecirc;n cho anh những giấc mơ&nbsp;</span><br style=\"color: #333333; font-family: Roboto, Helvetica, Arial, sans-serif;\" /><span style=\"color: #333333; font-family: Roboto, Helvetica, Arial, sans-serif;\">Hạ lưu giữ ng&agrave;y mưa ngọt ng&agrave;o n&ecirc;n thơ&nbsp;</span><br style=\"color: #333333; font-family: Roboto, Helvetica, Arial, sans-serif;\" /><span style=\"color: #333333; font-family: Roboto, Helvetica, Arial, sans-serif;\">M&ugrave;a thu l&aacute; v&agrave;ng rơi đ&ocirc;ng sang anh nhớ em&nbsp;</span><br style=\"color: #333333; font-family: Roboto, Helvetica, Arial, sans-serif;\" /><span style=\"color: #333333; font-family: Roboto, Helvetica, Arial, sans-serif;\">T&igrave;nh y&ecirc;u b&eacute; nhỏ xin d&agrave;nh tặng ri&ecirc;ng em.&nbsp;</span><br style=\"color: #333333; font-family: Roboto, Helvetica, Arial, sans-serif;\" /><br style=\"color: #333333; font-family: Roboto, Helvetica, Arial, sans-serif;\" /><span style=\"color: #333333; font-family: Roboto, Helvetica, Arial, sans-serif;\">[Rap:]&nbsp;</span><br style=\"color: #333333; font-family: Roboto, Helvetica, Arial, sans-serif;\" /><span style=\"color: #333333; font-family: Roboto, Helvetica, Arial, sans-serif;\">C&ograve;n đ&oacute; tiếng n&oacute;i ấy b&ecirc;n tai vấn vương bao ng&agrave;y qua&nbsp;</span><br style=\"color: #333333; font-family: Roboto, Helvetica, Arial, sans-serif;\" /><span style=\"color: #333333; font-family: Roboto, Helvetica, Arial, sans-serif;\">&Aacute;nh mắt bối rối nhớ thương bao ng&agrave;y qua&nbsp;</span><br style=\"color: #333333; font-family: Roboto, Helvetica, Arial, sans-serif;\" /><span style=\"color: #333333; font-family: Roboto, Helvetica, Arial, sans-serif;\">Y&ecirc;u em anh thẫn thờ, con tim b&acirc;ng khu&acirc;ng đ&acirc;u c&oacute; ngờ&nbsp;</span><br style=\"color: #333333; font-family: Roboto, Helvetica, Arial, sans-serif;\" /><span style=\"color: #333333; font-family: Roboto, Helvetica, Arial, sans-serif;\">Chẳng bao giờ phải mong chờ&nbsp;</span><br style=\"color: #333333; font-family: Roboto, Helvetica, Arial, sans-serif;\" /><span style=\"color: #333333; font-family: Roboto, Helvetica, Arial, sans-serif;\">Đợi ai trong chiều ho&agrave;ng h&ocirc;n mờ&nbsp;</span><br style=\"color: #333333; font-family: Roboto, Helvetica, Arial, sans-serif;\" /><span style=\"color: #333333; font-family: Roboto, Helvetica, Arial, sans-serif;\">Đắm ch&igrave;m h&ograve;a v&agrave;o vần thơ&nbsp;</span><br style=\"color: #333333; font-family: Roboto, Helvetica, Arial, sans-serif;\" /><span style=\"color: #333333; font-family: Roboto, Helvetica, Arial, sans-serif;\">Ngắm nh&igrave;n khờ dại mộng mơ&nbsp;</span><br style=\"color: #333333; font-family: Roboto, Helvetica, Arial, sans-serif;\" /><span style=\"color: #333333; font-family: Roboto, Helvetica, Arial, sans-serif;\">Đừng bước vội v&agrave;ng rồi l&agrave;m ngơ&nbsp;</span><br style=\"color: #333333; font-family: Roboto, Helvetica, Arial, sans-serif;\" /><span style=\"color: #333333; font-family: Roboto, Helvetica, Arial, sans-serif;\">Lạnh l&ugrave;ng đ&oacute; l&agrave;m bộ dạng thờ ơ&nbsp;</span><br style=\"color: #333333; font-family: Roboto, Helvetica, Arial, sans-serif;\" /><span style=\"color: #333333; font-family: Roboto, Helvetica, Arial, sans-serif;\">Nh&igrave;n anh đi em nha&nbsp;</span><br style=\"color: #333333; font-family: Roboto, Helvetica, Arial, sans-serif;\" /><span style=\"color: #333333; font-family: Roboto, Helvetica, Arial, sans-serif;\">Hướng nụ cười cho ri&ecirc;ng anh nha&nbsp;</span><br style=\"color: #333333; font-family: Roboto, Helvetica, Arial, sans-serif;\" /><span style=\"color: #333333; font-family: Roboto, Helvetica, Arial, sans-serif;\">Đơn giản l&agrave; y&ecirc;u con tim anh l&ecirc;n tiếng th&ocirc;i.&nbsp;</span><br style=\"color: #333333; font-family: Roboto, Helvetica, Arial, sans-serif;\" /><br style=\"color: #333333; font-family: Roboto, Helvetica, Arial, sans-serif;\" /><span style=\"color: #333333; font-family: Roboto, Helvetica, Arial, sans-serif;\">Uhhhhhhhh nhớ thương em&nbsp;</span><br style=\"color: #333333; font-family: Roboto, Helvetica, Arial, sans-serif;\" /><span style=\"color: #333333; font-family: Roboto, Helvetica, Arial, sans-serif;\">Uhhhhhhhh nhớ thương em lắm&nbsp;</span><br style=\"color: #333333; font-family: Roboto, Helvetica, Arial, sans-serif;\" /><span style=\"color: #333333; font-family: Roboto, Helvetica, Arial, sans-serif;\">Ahhhhhhh ph&iacute;a sau ch&acirc;n trời&nbsp;</span><br style=\"color: #333333; font-family: Roboto, Helvetica, Arial, sans-serif;\" /><span style=\"color: #333333; font-family: Roboto, Helvetica, Arial, sans-serif;\">C&oacute; ai băng qua lối về c&ugrave;ng em đi tr&ecirc;n đoạn đường d&agrave;i.</span></p>', 279861707, '', 2, 1, 1),
(10, 'Sau Tất Cả', 'sautatca.jpg', 'Sau-Tat-Ca-ERIK-ST-319.mp3', '<p><span style=\"color: #333333; font-family: Roboto, Helvetica, Arial, sans-serif;\">Sau tất cả m&igrave;nh lại trở về với nhau&nbsp;</span><br style=\"color: #333333; font-family: Roboto, Helvetica, Arial, sans-serif;\" /><span style=\"color: #333333; font-family: Roboto, Helvetica, Arial, sans-serif;\">Tựa như chưa bắt đầu, tựa như ta vừa mới quen&nbsp;</span><br style=\"color: #333333; font-family: Roboto, Helvetica, Arial, sans-serif;\" /><span style=\"color: #333333; font-family: Roboto, Helvetica, Arial, sans-serif;\">Sau tất cả l&ograve;ng chẳng hề đổi thay&nbsp;</span><br style=\"color: #333333; font-family: Roboto, Helvetica, Arial, sans-serif;\" /><span style=\"color: #333333; font-family: Roboto, Helvetica, Arial, sans-serif;\">Từng ng&agrave;y xa l&igrave;a khiến con tim bồi hồi&nbsp;</span><br style=\"color: #333333; font-family: Roboto, Helvetica, Arial, sans-serif;\" /><span style=\"color: #333333; font-family: Roboto, Helvetica, Arial, sans-serif;\">V&agrave; ta lại gần nhau hơn nữa&nbsp;</span><br style=\"color: #333333; font-family: Roboto, Helvetica, Arial, sans-serif;\" /><br style=\"color: #333333; font-family: Roboto, Helvetica, Arial, sans-serif;\" /><span style=\"color: #333333; font-family: Roboto, Helvetica, Arial, sans-serif;\">[Pre-chorus]&nbsp;</span><br style=\"color: #333333; font-family: Roboto, Helvetica, Arial, sans-serif;\" /><span style=\"color: #333333; font-family: Roboto, Helvetica, Arial, sans-serif;\">C&oacute; những l&uacute;c đ&ocirc;i ta giận hờn&nbsp;</span><br style=\"color: #333333; font-family: Roboto, Helvetica, Arial, sans-serif;\" /><span style=\"color: #333333; font-family: Roboto, Helvetica, Arial, sans-serif;\">Thầm tr&aacute;ch nhau kh&ocirc;ng một ai n&oacute;i điều g&igrave;&nbsp;</span><br style=\"color: #333333; font-family: Roboto, Helvetica, Arial, sans-serif;\" /><span style=\"color: #333333; font-family: Roboto, Helvetica, Arial, sans-serif;\">Thời gian cứ chậm lại, từng gi&acirc;y ph&uacute;t sao qu&aacute; d&agrave;i&nbsp;</span><br style=\"color: #333333; font-family: Roboto, Helvetica, Arial, sans-serif;\" /><span style=\"color: #333333; font-family: Roboto, Helvetica, Arial, sans-serif;\">Để khiến anh nhận ra m&igrave;nh cần em hơn&nbsp;</span><br style=\"color: #333333; font-family: Roboto, Helvetica, Arial, sans-serif;\" /><br style=\"color: #333333; font-family: Roboto, Helvetica, Arial, sans-serif;\" /><span style=\"color: #333333; font-family: Roboto, Helvetica, Arial, sans-serif;\">[Chorus]&nbsp;</span><br style=\"color: #333333; font-family: Roboto, Helvetica, Arial, sans-serif;\" /><span style=\"color: #333333; font-family: Roboto, Helvetica, Arial, sans-serif;\">T&igrave;nh y&ecirc;u cứ thế đong đầy trong anh từng ng&agrave;y&nbsp;</span><br style=\"color: #333333; font-family: Roboto, Helvetica, Arial, sans-serif;\" /><span style=\"color: #333333; font-family: Roboto, Helvetica, Arial, sans-serif;\">V&igrave; qu&aacute; y&ecirc;u em n&ecirc;n kh&ocirc;ng thể l&agrave;m g&igrave; kh&aacute;c&nbsp;</span><br style=\"color: #333333; font-family: Roboto, Helvetica, Arial, sans-serif;\" /><span style=\"color: #333333; font-family: Roboto, Helvetica, Arial, sans-serif;\">Chỉ cần ta m&atilde;i lu&ocirc;n d&agrave;nh cho nhau những ch&acirc;n th&agrave;nh&nbsp;</span><br style=\"color: #333333; font-family: Roboto, Helvetica, Arial, sans-serif;\" /><span style=\"color: #333333; font-family: Roboto, Helvetica, Arial, sans-serif;\">Mọi kh&oacute; khăn cũng chỉ l&agrave; thử th&aacute;ch&nbsp;</span><br style=\"color: #333333; font-family: Roboto, Helvetica, Arial, sans-serif;\" /><span style=\"color: #333333; font-family: Roboto, Helvetica, Arial, sans-serif;\">V&igrave; tr&aacute;i tim ta lu&ocirc;n lu&ocirc;n thuộc về nhau&nbsp;</span><br style=\"color: #333333; font-family: Roboto, Helvetica, Arial, sans-serif;\" /><br style=\"color: #333333; font-family: Roboto, Helvetica, Arial, sans-serif;\" /><span style=\"color: #333333; font-family: Roboto, Helvetica, Arial, sans-serif;\">Sau tất cả m&igrave;nh lại chung lối đi&nbsp;</span><br style=\"color: #333333; font-family: Roboto, Helvetica, Arial, sans-serif;\" /><span style=\"color: #333333; font-family: Roboto, Helvetica, Arial, sans-serif;\">Đoạn đường ta c&oacute; nhau, b&agrave;n tay nắm chặt bấy l&acirc;u&nbsp;</span><br style=\"color: #333333; font-family: Roboto, Helvetica, Arial, sans-serif;\" /><span style=\"color: #333333; font-family: Roboto, Helvetica, Arial, sans-serif;\">Sau tất cả m&igrave;nh c&ugrave;ng nhau sẻ chia&nbsp;</span><br style=\"color: #333333; font-family: Roboto, Helvetica, Arial, sans-serif;\" /><span style=\"color: #333333; font-family: Roboto, Helvetica, Arial, sans-serif;\">Muộn phiền kh&ocirc;ng thể khiến đ&ocirc;i tim nhạt nho&agrave;&nbsp;</span><br style=\"color: #333333; font-family: Roboto, Helvetica, Arial, sans-serif;\" /><span style=\"color: #333333; font-family: Roboto, Helvetica, Arial, sans-serif;\">V&agrave; ta lại gần nhau hơn nữa&nbsp;</span><br style=\"color: #333333; font-family: Roboto, Helvetica, Arial, sans-serif;\" /><br style=\"color: #333333; font-family: Roboto, Helvetica, Arial, sans-serif;\" /><span style=\"color: #333333; font-family: Roboto, Helvetica, Arial, sans-serif;\">[Pre-chorus]&nbsp;</span><br style=\"color: #333333; font-family: Roboto, Helvetica, Arial, sans-serif;\" /><br style=\"color: #333333; font-family: Roboto, Helvetica, Arial, sans-serif;\" /><span style=\"color: #333333; font-family: Roboto, Helvetica, Arial, sans-serif;\">[Chorus]&nbsp;</span><br style=\"color: #333333; font-family: Roboto, Helvetica, Arial, sans-serif;\" /><br style=\"color: #333333; font-family: Roboto, Helvetica, Arial, sans-serif;\" /><span style=\"color: #333333; font-family: Roboto, Helvetica, Arial, sans-serif;\">Giữ chặt b&agrave;n tay m&igrave;nh c&ugrave;ng nhau đi hết bao th&aacute;ng ng&agrave;y&nbsp;</span><br style=\"color: #333333; font-family: Roboto, Helvetica, Arial, sans-serif;\" /><span style=\"color: #333333; font-family: Roboto, Helvetica, Arial, sans-serif;\">Mọi điều gian kh&oacute; ta lu&ocirc;n vượt qua&nbsp;</span><br style=\"color: #333333; font-family: Roboto, Helvetica, Arial, sans-serif;\" /><span style=\"color: #333333; font-family: Roboto, Helvetica, Arial, sans-serif;\">Để khiến ta nhận ra m&igrave;nh gần nhau hơn</span></p>', 127877327, '', 5, 1, 1);
INSERT INTO `song` (`id_song`, `namesong`, `images`, `linkmp3`, `lyrics`, `view`, `singer`, `id_singer`, `id_type`, `id_national`) VALUES
(11, 'Quan Trọng Là Thần Thái', 'quantronglathanthai.jpg', 'Quan-Trong-La-Than-Thai-OnlyC-Karik.mp3', '<p><span style=\"color: #333333; font-family: Roboto, Helvetica, Arial, sans-serif;\">Quan trọng phải l&agrave; thần th&aacute;i&nbsp;</span><br style=\"color: #333333; font-family: Roboto, Helvetica, Arial, sans-serif;\" /><span style=\"color: #333333; font-family: Roboto, Helvetica, Arial, sans-serif;\">Quan trọng khi l&agrave; con g&aacute;i&nbsp;</span><br style=\"color: #333333; font-family: Roboto, Helvetica, Arial, sans-serif;\" /><span style=\"color: #333333; font-family: Roboto, Helvetica, Arial, sans-serif;\">Bao giờ y&ecirc;u th&igrave; lu&ocirc;n đ&uacute;ng, chẳng bao giờ thấy sai&nbsp;</span><br style=\"color: #333333; font-family: Roboto, Helvetica, Arial, sans-serif;\" /><span style=\"color: #333333; font-family: Roboto, Helvetica, Arial, sans-serif;\">Quan trọng vẫn l&agrave; thần th&aacute;i&nbsp;</span><br style=\"color: #333333; font-family: Roboto, Helvetica, Arial, sans-serif;\" /><br style=\"color: #333333; font-family: Roboto, Helvetica, Arial, sans-serif;\" /><span style=\"color: #333333; font-family: Roboto, Helvetica, Arial, sans-serif;\">Khi m&igrave;nh y&ecirc;u l&agrave; con trai&nbsp;</span><br style=\"color: #333333; font-family: Roboto, Helvetica, Arial, sans-serif;\" /><span style=\"color: #333333; font-family: Roboto, Helvetica, Arial, sans-serif;\">Dẫu người ta gọi m&igrave;nh &aacute;i, cũng chẳng c&oacute; g&igrave; để sai.&nbsp;</span><br style=\"color: #333333; font-family: Roboto, Helvetica, Arial, sans-serif;\" /><span style=\"color: #333333; font-family: Roboto, Helvetica, Arial, sans-serif;\">T&uacute; tu t&ugrave; t&ugrave; t&ugrave; t&uacute; t&ugrave; t&uacute; t&ugrave; tu, lu tu t&ugrave; t&ugrave; t&ugrave; t&uacute; t&ugrave; t&uacute; t&ugrave; tu&nbsp;</span><br style=\"color: #333333; font-family: Roboto, Helvetica, Arial, sans-serif;\" /><span style=\"color: #333333; font-family: Roboto, Helvetica, Arial, sans-serif;\">T&uacute; tu t&ugrave; t&ugrave; t&ugrave; t&uacute; t&ugrave; t&uacute; t&ugrave; tu, t&uacute; t&ugrave; t&uacute; t&ugrave; tu, t&uacute; t&ugrave; t&uacute; t&ugrave; tu&nbsp;</span><br style=\"color: #333333; font-family: Roboto, Helvetica, Arial, sans-serif;\" /><br style=\"color: #333333; font-family: Roboto, Helvetica, Arial, sans-serif;\" /><span style=\"color: #333333; font-family: Roboto, Helvetica, Arial, sans-serif;\">Quan trọng phải l&agrave; thần th&aacute;i&nbsp;</span><br style=\"color: #333333; font-family: Roboto, Helvetica, Arial, sans-serif;\" /><span style=\"color: #333333; font-family: Roboto, Helvetica, Arial, sans-serif;\">Quan trọng khi l&agrave; con g&aacute;i&nbsp;</span><br style=\"color: #333333; font-family: Roboto, Helvetica, Arial, sans-serif;\" /><span style=\"color: #333333; font-family: Roboto, Helvetica, Arial, sans-serif;\">Bao giờ y&ecirc;u th&igrave; lu&ocirc;n đ&uacute;ng, chẳng bao giờ thấy sai&nbsp;</span><br style=\"color: #333333; font-family: Roboto, Helvetica, Arial, sans-serif;\" /><span style=\"color: #333333; font-family: Roboto, Helvetica, Arial, sans-serif;\">Quan trọng vẫn l&agrave; thần th&aacute;i&nbsp;</span><br style=\"color: #333333; font-family: Roboto, Helvetica, Arial, sans-serif;\" /><br style=\"color: #333333; font-family: Roboto, Helvetica, Arial, sans-serif;\" /><span style=\"color: #333333; font-family: Roboto, Helvetica, Arial, sans-serif;\">Khi m&igrave;nh y&ecirc;u l&agrave; con trai&nbsp;</span><br style=\"color: #333333; font-family: Roboto, Helvetica, Arial, sans-serif;\" /><span style=\"color: #333333; font-family: Roboto, Helvetica, Arial, sans-serif;\">Dẫu người ta gọi m&igrave;nh &aacute;i, cũng chẳng c&oacute; g&igrave; để sai.&nbsp;</span><br style=\"color: #333333; font-family: Roboto, Helvetica, Arial, sans-serif;\" /><span style=\"color: #333333; font-family: Roboto, Helvetica, Arial, sans-serif;\">Tốt hơn l&agrave; m&igrave;nh biết thần th&aacute;i nằm đ&acirc;u&nbsp;</span><br style=\"color: #333333; font-family: Roboto, Helvetica, Arial, sans-serif;\" /><span style=\"color: #333333; font-family: Roboto, Helvetica, Arial, sans-serif;\">Tốt hơn l&agrave; m&igrave;nh biết thần th&aacute;i đậm s&acirc;u&nbsp;</span><br style=\"color: #333333; font-family: Roboto, Helvetica, Arial, sans-serif;\" /><br style=\"color: #333333; font-family: Roboto, Helvetica, Arial, sans-serif;\" /><span style=\"color: #333333; font-family: Roboto, Helvetica, Arial, sans-serif;\">Tốt hơn l&agrave; m&igrave;nh biết thần th&aacute;i nằm đ&acirc;u&nbsp;</span><br style=\"color: #333333; font-family: Roboto, Helvetica, Arial, sans-serif;\" /><span style=\"color: #333333; font-family: Roboto, Helvetica, Arial, sans-serif;\">Biết thần th&aacute;i nằm đ&acirc;u, biết thần th&aacute;i như n&agrave;o&nbsp;</span><br style=\"color: #333333; font-family: Roboto, Helvetica, Arial, sans-serif;\" /><span style=\"color: #333333; font-family: Roboto, Helvetica, Arial, sans-serif;\">Quan trọng! vẫn l&agrave; c&aacute;i thần th&aacute;i&nbsp;</span><br style=\"color: #333333; font-family: Roboto, Helvetica, Arial, sans-serif;\" /><span style=\"color: #333333; font-family: Roboto, Helvetica, Arial, sans-serif;\">Quan trọng! vẫn l&agrave; c&aacute;i thần th&aacute;i&nbsp;</span><br style=\"color: #333333; font-family: Roboto, Helvetica, Arial, sans-serif;\" /><br style=\"color: #333333; font-family: Roboto, Helvetica, Arial, sans-serif;\" /><span style=\"color: #333333; font-family: Roboto, Helvetica, Arial, sans-serif;\">Ai khen ch&ecirc; cứ mặc kệ, m&igrave;nh cứ ngầu c&oacute; g&igrave; phải ngần ngại&nbsp;</span><br style=\"color: #333333; font-family: Roboto, Helvetica, Arial, sans-serif;\" /><span style=\"color: #333333; font-family: Roboto, Helvetica, Arial, sans-serif;\">V&igrave; m&igrave;nh đẹp chỗ n&agrave;o tự m&igrave;nh biết, m&igrave;nh xấu chỗ n&agrave;o cũng m&igrave;nh biết&nbsp;</span><br style=\"color: #333333; font-family: Roboto, Helvetica, Arial, sans-serif;\" /><span style=\"color: #333333; font-family: Roboto, Helvetica, Arial, sans-serif;\">C&aacute;i g&igrave; của m&igrave;nh tự m&igrave;nh quyết để t&acirc;m l&agrave;m g&igrave; mấy lời kh&ocirc;ng cần thiết&nbsp;</span><br style=\"color: #333333; font-family: Roboto, Helvetica, Arial, sans-serif;\" /><span style=\"color: #333333; font-family: Roboto, Helvetica, Arial, sans-serif;\">Bởi cơ bản x&atilde; hội vốn thị phi, bất kể l&agrave; chuyện lớn hay l&agrave; việc li ti&nbsp;</span><br style=\"color: #333333; font-family: Roboto, Helvetica, Arial, sans-serif;\" /><br style=\"color: #333333; font-family: Roboto, Helvetica, Arial, sans-serif;\" /><span style=\"color: #333333; font-family: Roboto, Helvetica, Arial, sans-serif;\">M&igrave;nh l&agrave;m g&igrave; đi nữa th&igrave; họ vẫn dị nghị, thế n&ecirc;n kệ đi hơi đ&acirc;u m&agrave; suy nghĩ&nbsp;</span><br style=\"color: #333333; font-family: Roboto, Helvetica, Arial, sans-serif;\" /><span style=\"color: #333333; font-family: Roboto, Helvetica, Arial, sans-serif;\">Quan trọng nhất kh&ocirc;ng phải vẻ bề ngo&agrave;i&nbsp;</span><br style=\"color: #333333; font-family: Roboto, Helvetica, Arial, sans-serif;\" /><span style=\"color: #333333; font-family: Roboto, Helvetica, Arial, sans-serif;\">Xấu, đẹp, ch&acirc;n ngắn hay ch&acirc;n d&agrave;i&nbsp;</span><br style=\"color: #333333; font-family: Roboto, Helvetica, Arial, sans-serif;\" /><span style=\"color: #333333; font-family: Roboto, Helvetica, Arial, sans-serif;\">M&igrave;nh đang chơi hay l&agrave; đứng gần ai&nbsp;</span><br style=\"color: #333333; font-family: Roboto, Helvetica, Arial, sans-serif;\" /><br style=\"color: #333333; font-family: Roboto, Helvetica, Arial, sans-serif;\" /><span style=\"color: #333333; font-family: Roboto, Helvetica, Arial, sans-serif;\">M&agrave; quan trọng l&agrave;.&nbsp;</span><br style=\"color: #333333; font-family: Roboto, Helvetica, Arial, sans-serif;\" /><span style=\"color: #333333; font-family: Roboto, Helvetica, Arial, sans-serif;\">Biển người biển khẩu lung tung, đ&uacute;ng hay sai miệng đời vẫn dậy s&oacute;ng&nbsp;</span><br style=\"color: #333333; font-family: Roboto, Helvetica, Arial, sans-serif;\" /><span style=\"color: #333333; font-family: Roboto, Helvetica, Arial, sans-serif;\">Tốt nhất bản th&acirc;n cứ ung dung, để ra đường n&atilde;o bộ c&ograve;n bay bổng&nbsp;</span><br style=\"color: #333333; font-family: Roboto, Helvetica, Arial, sans-serif;\" /><span style=\"color: #333333; font-family: Roboto, Helvetica, Arial, sans-serif;\">Nếu cong kh&ocirc;ng thẳng th&igrave; đ&atilde; sao?&nbsp;</span><br style=\"color: #333333; font-family: Roboto, Helvetica, Arial, sans-serif;\" /><br style=\"color: #333333; font-family: Roboto, Helvetica, Arial, sans-serif;\" /><span style=\"color: #333333; font-family: Roboto, Helvetica, Arial, sans-serif;\">Lỡ thua kh&ocirc;ng thắng th&igrave; đ&atilde; sao?&nbsp;</span><br style=\"color: #333333; font-family: Roboto, Helvetica, Arial, sans-serif;\" /><span style=\"color: #333333; font-family: Roboto, Helvetica, Arial, sans-serif;\">Đen đ&uacute;a kh&ocirc;ng trắng th&igrave; đ&atilde; sao?&nbsp;</span><br style=\"color: #333333; font-family: Roboto, Helvetica, Arial, sans-serif;\" /><span style=\"color: #333333; font-family: Roboto, Helvetica, Arial, sans-serif;\">M&igrave;nh vẫn sống v&agrave; đầu cứ ngẩng cao&nbsp;</span><br style=\"color: #333333; font-family: Roboto, Helvetica, Arial, sans-serif;\" /><span style=\"color: #333333; font-family: Roboto, Helvetica, Arial, sans-serif;\">D&ugrave; l&ecirc;n voi, hay xuống ch&oacute;, nh&agrave; m&igrave;nh gi&agrave;u hay kh&ocirc;ng bằng ch&uacute;ng n&oacute;&nbsp;</span><br style=\"color: #333333; font-family: Roboto, Helvetica, Arial, sans-serif;\" /><br style=\"color: #333333; font-family: Roboto, Helvetica, Arial, sans-serif;\" /><span style=\"color: #333333; font-family: Roboto, Helvetica, Arial, sans-serif;\">Bước ra đường, vẫn phải tỉnh, d&ugrave; cho c&oacute; bao nhi&ecirc;u thằng đứng ng&oacute;&nbsp;</span><br style=\"color: #333333; font-family: Roboto, Helvetica, Arial, sans-serif;\" /><span style=\"color: #333333; font-family: Roboto, Helvetica, Arial, sans-serif;\">V&igrave; quan trọng kh&ocirc;ng phải vẻ bề ngo&agrave;i&nbsp;</span', 60515345, '', 7, 1, 1),
(12, '1234', '1234.jpg', '1234-Chi-Dan.mp3', 'Ngày mình chia tay em đã nói đôi ta sẽ không hoà hợp\r\n<br>Ngày mình chia tay em đã nói e không xứng đáng với anh\r\n<br>1 2 3 4 em có lắm lý do để ta xa rời,thật ra em có một người mới\r\n<br>\r\n<br>Những ngày rong chơi em đã khiến con tim anh như rối bời\r\n<br>Tội nghiệp a không khi trong em anh là một khoảng trống\r\n<br>Một người yêu em trao cho e tất cả những kì vọng\r\n<br>Thật ra em không khác mấy số không\r\n<br>\r\n<br>1 2 3 4 ngày...có chắc nỗi nhớ sẽ biến mất đi hay còn lưu luyến vậy\r\n<br>Có chắc tiếng khóc sẽ giúp lấy anh hay làm tan nát lòng\r\n<br>Nhìn từng kỉ niệm trôi,nhạt nhoà và phai phôi\r\n<br>\r\n<br>1 2 3 4 năm,có lẽ ngốc nghếch a chỉ nhớ em\r\n<br>Dại khờ a sai lầm,em cũng đã có một người yêu mới\r\n<br>Chắc anh chẳng tin một ai nữa đâu\r\n<br>Vì ta mất nhau\r\n<br>1 2 3 4', 181800502, '', 8, 1, 1),
(13, 'Look What You Made Me Do', 'taylorswift.jpg', 'Sau-Tat-Ca-ERIK-ST-319.mp3', '[Verse 1]\r\n<br>I don\'t like your little games\r\n<br>Don\'t like your titled stage\r\n<br>The role you made me play\r\n<br>Of the fool, no, I don\'t like you\r\n<br>\r\n<br>I don\'t like your perfect crime\r\n<br>How you laugh when you lie\r\n<br>You said the gun was mine\r\n<br>Isn\'t cool, no, I don\'t like you\r\n<br>\r\n<br>[Pre-Chorus]\r\n<br>But I got smarter, I got harder in the nick of time\r\n<br>Honey, I rose up from the dead, I do it all the time\r\n<br>I\'ve got a list of names and yours is in red, underlined\r\n<br>I check it once, then I check it twice, oh!\r\n<br>\r\n<br>[Chorus]\r\n<br>Ooh, look what you made me do\r\n<br>Look what you made me do\r\n<br>Look what you just made me do\r\n<br>Look what you just made me do\r\n<br>Ooh, look what you made me do\r\n<br>Look what you made me do\r\n<br>Look what you just made me do\r\n<br>Look what you just made me do\r\n<br>\r\n<br>[Verse 2]\r\n<br>I don\'t like your kingdom keys\r\n<br>They once belonged to me\r\n<br>You ask me for a place to sleep\r\n<br>Locked me out and threw a feast (what?)\r\n<br>\r\n<br>The world goes on, another day, another drama, drama\r\n<br>But not for me, not for me, all I think about is karma\r\n<br>And then the world moves on, but one thing\'s for sure\r\n<br>Baby, I got mine, but you\'ll all get yours\r\n<br>\r\n<br>[Pre-Chorus]\r\n<br>But I got smarter, I got harder in the nick of time\r\n<br>Honey, I rose up from the dead, I do it all the time\r\n<br>I\'ve got a list of names and yours is in red underlined\r\n<br>I check it once, then I check it twice\r\n<br>\r\n<br>[Chorus]\r\n<br>Ooh, look what you made me do\r\n<br>Look what you made me do\r\n<br>Look what you just made me do\r\n<br>Look what you just made me do\r\n<br>Ooh, look what you made me do\r\n<br>Look what you made me do\r\n<br>Look what you just made me do\r\n<br>Look what you just made me do\r\n<br>\r\n<br>[Bridge]\r\n<br>I don\'t trust nobody and nobody trusts me\r\n<br>I\'ll be the actress, starr in your bad dreams\r\n<br>I don\'t trust nobody and nobody trusts me\r\n<br>I\'ll be the actress, star in your bad dreams\r\n<br>I don\'t trust nobody and nobody trusts me\r\n<br>I\'ll be the actress, star in your bad dreams\r\n<br>I don\'t trust nobody and nobody trusts me\r\n<br>I\'ll be the actress, starr in your bad dreams\r\n<br>(Look what you made me do)\r\n<br>(Look what you made me do)\r\n<br>I\'m sorry, the old Taylor can\'t come to the phone right now\r\n<br>Why? Oh!\r\n<br>\'Cause she\'s dead!\r\n<br>\r\n<br>[Chorus]\r\n<br>Ooh, look what you made me do\r\n<br>Look what you made me do\r\n<br>Look what you just made me do\r\n<br>Look what you just made me do\r\n<br>Ooh, look what you made me do\r\n<br>Look what you made me do\r\n<br>Look what you just made me do\r\n<br>Look what you just made me do', 0, '', 9, 5, 2),
(14, 'Telephone', 'ladygaga.jpg', 'Sau-Tat-Ca-ERIK-ST-319.mp3', '[Lady Gaga]\r\n<br>Hello hello baby you called\r\n<br>I can\'t hear a thing\r\n<br>I have got no service\r\n<br>In the club, you say? say?\r\n<br>Wha-wha-what did you say huh?\r\n<br>You\'re breakin\' up on me\r\n<br>Sorry I cannot hear you\r\n<br>I\'m kinda busy\r\n<br>K-kinda busy\r\n<br>K-kinda busy\r\n<br>Sorry I cannot hear you I\'m kinda busy\r\n<br>\r\n<br>Just a second\r\n<br>It\'s my favorite song they\'re gonna play\r\n<br>And I cannot text you with a drink in my hand, eh?\r\n<br>You shoulda made some plans with me\r\n<br>You knew that I was free\r\n<br>And now you won\'t stop calling me\r\n<br>I\'m kinda busy\r\n<br>\r\n<br>[Pre-Chorus:]\r\n<br>Stop callin\'\r\n<br>Stop callin\'\r\n<br>I don\'t wanna think anymore\r\n<br>I left my head and my heart on the dancefloor\r\n<br>Stop callin\'\r\n<br>Stop callin\'\r\n<br>I don\'t wanna talk anymore\r\n<br>I left my head and my heart on the dancefloor\r\n<br>\r\n<br>[Chorus:]\r\n<br>E-e-e-e-e-e-e-e-e-e-e\r\n<br>Stop telephonin\'\r\n<br>Me-e-e-e-e-e-e-e-e-e-e\r\n<br>I\'m busy e-e-e-e-e-e-e-e-e-e\r\n<br>Stop telephonin\'\r\n<br>Me-e-e-e-e-e-e-e-e-e-e\r\n<br>Can call all you want but there\'s no one home\r\n<br>And you\'re not gonna reach my telephone\r\n<br>Out in the club\r\n<br>And I\'m sippin that bubb\r\n<br>And you\'re not gonna reach my telephone\r\n<br>Call all you want, but there\'s no one home\r\n<br>And you\'re not gonna reach my telephone\r\n<br>Out in the club\r\n<br>And I\'m sippin that bubb\r\n<br>And you\'re not gonna reach my telephone\r\n<br>\r\n<br>[Beyonce]\r\n<br>Boy the way you blowing up my phone\r\n<br>Won\'t make me leave no faster\r\n<br>Put my coat on faster\r\n<br>Leave my girls no faster\r\n<br>I shoulda left my phone at home\r\n<br>\'Cuz this is a disaster\r\n<br>Calling like a collector\r\n<br>Sorry, I cannot answer\r\n<br>\r\n<br>[Lady Gaga]\r\n<br>Not that I don\'t like you\r\n<br>I\'m just at a party\r\n<br>And I am sick and tired of my phone r-ringing\r\n<br>\r\n<br>[Beyonce]\r\n<br>Sometimes I feel like I live in grand central station\r\n<br>Tonight I\'m not takin\' no calls\r\n<br>\'Cuz I\'ll be dancin\'\r\n<br>I\'ll be dancin\'\r\n<br>I\'ll be dancin\'\r\n<br>Tonight I\'m not takin\' no calls\r\n<br>Cuz I\'ll be dancin\'\r\n<br>\r\n<br>[Pre-Chorus x2]\r\n<br>\r\n<br>[Chorus]\r\n<br>\r\n<br>[x3]\r\n<br>My telephone\r\n<br>Ma ma ma telephone\r\n<br>\'Cuz I\'m out in the club\r\n<br>And I\'m sippin that bubb\r\n<br>And you\'re not gonna reach my telephone\r\n<br>\r\n<br>(We\'re sorry, we\'re sorry\r\n<br>The number you have reached\r\n<br>Is not in service at this time\r\n<br>Please check the number, or try your call again)\r\n<br>', 0, '', 11, 5, 2),
(15, 'La La La', 'ladygaga.jpg', 'Sau-Tat-Ca-ERIK-ST-319.mp3', '\"Dare (La La La)\"\r\n<br>\r\n<br>Hola!\r\n<br>\r\n<br>La la la la la\r\n<br>La la la la la\r\n<br>La la la la la la\r\n<br>La la la\r\n<br>\r\n<br>La la la la la\r\n<br>La la la la la\r\n<br>La la la la la la\r\n<br>I dare you\r\n<br>\r\n<br>(Leggo, leggo, leggo, leggo)\r\n<br>\r\n<br>All of my life, too late\r\n<br>Till you showed up with perfect timing\r\n<br>Now here we are, you rock it\r\n<br>Our fingers are stuck in the socket\r\n<br>It\'s just the nature, a game\r\n<br>Get ready, we\'ll do it again\r\n<br>Let\'s not recover, from the hangover\r\n<br>When your eyes got me drunk I was sober\r\n<br>\r\n<br>Is it true that you love me?\r\n<br>I dare you to kiss me\r\n<br>With everyone watching\r\n<br>It\'s truth or dare on the dancefloor\r\n<br>\r\n<br>La la la la la\r\n<br>La la la la la\r\n<br>La la la la la la\r\n<br>Truth or dare on the dancefloor\r\n<br>La la la\r\n<br>\r\n<br>La la la la la\r\n<br>La la la la la\r\n<br>La la la la la la\r\n<br>I dare you\r\n<br>\r\n<br>(Leggo, leggo)\r\n<br>\r\n<br>Of all the millions on the planet\r\n<br>You\'re the one who\'s keeping me on it\r\n<br>You know I like you, ain\'t nobody\'s business\r\n<br>Your blue Spanish eyes are my witness\r\n<br>It\'s just the nature, a game\r\n<br>Get ready, we\'ll do it again\r\n<br>Let\'s not recover, from the hangover\r\n<br>When your eyes got me drunk I was sober\r\n<br>\r\n<br>Is it true that you love me?\r\n<br>I dare you to kiss me\r\n<br>With everyone watching\r\n<br>It\'s truth or dare on the dancefloor\r\n<br>\r\n<br>La la la la la\r\n<br>La la la la la\r\n<br>La la la la la la\r\n<br>Truth or dare on the dancefloor\r\n<br>La la la\r\n<br>\r\n<br>La la la la la\r\n<br>La la la la la\r\n<br>La la la la la la\r\n<br>I dare you\r\n<br>\r\n<br>Is it true that you love me?\r\n<br>I dare you to kiss me\r\n<br>I dare you to touch me\r\n<br>It\'s truth or dare on the dancefloor\r\n<br>\r\n<br>La la la la la\r\n<br>La la la la la\r\n<br>La la la la la la\r\n<br>La la la\r\n<br>\r\n<br>La la la la la\r\n<br>La la la la la\r\n<br>La la la la la la\r\n<br>I dare you\r\n<br>\r\n<br>(Leggo, leggo, leggo, leggo)', 0, '', 10, 5, 2),
(16, 'Ta Còn Yêu Nhau', 'taconyeunhau.jpg', 'Ta-Con-Yeu-Nhau-Duc-Phuc.mp3', 'Góc phố này\r\n<br>Lá vẫn bay\r\n<br>Riêng minh anh ngồi đây\r\n<br>\r\n<br>Ngoài kia bao nhiêu kỉ niệm\r\n<br>Hai chúng minh\r\n<br>Chờ nắng sớm khi bình minh\r\n<br>\r\n<br>Có biết không\r\n<br>Giữa đám đông\r\n<br>Chợt có lúc anh yếu lòng\r\n<br>\r\n<br>Từng ngày trôi qua sao quá dài\r\n<br>Con tim anh mệt nhoài\r\n<br>Tự hỏi, giờ em nơi đâu??\r\n<br>\r\n<br>Chorus\r\n<br>\r\n<br>Người yêu anh thấy những lúc em ở đây\r\n<br>Mùa đông như ấm hơn khi tay đan bàn tay\r\n<br>Kề môi em khẽ thì thầm\r\n<br>Rằng anh yêu em rất chân thành\r\n<br>\r\n<br>Hàng cây sao vẫn mãi đứng đó trước gió\r\n<br>Và hình như anh vẫn đang nơi đây chờ em\r\n<br>Làm sao để nhắn một lời:\r\n<br>‘’Em hãy quay về bên anh’’\r\n<br>\r\n<br>Coda:\r\n<br>Người ơi xin hãy thật lòng\r\n<br>Hãy nói, TA CÒN YÊU NHAU.', 167087665, '', 12, 1, 1),
(17, 'Em Gái Mưa', 'emgaimua.jpg', 'Em-Gai-Mua-Huong-Tram.mp3', 'Mưa trôi cả bầu Trời nắng, trượt theo những nỗi buồn \r\n<br>Thấm ướt lệ sầu môi đắng vì đánh mất hy vọng\r\n<br>Lần đầu gặp nhau dưới mưa, trái tim rộn ràng bởi ánh nhìn \r\n<br>Tình cảm dầm mưa thấm lâu, em nào ngờ...\r\n<br>\r\n<br>Mình hợp nhau đến như vậy thế nhưng... không phải là yêu!\r\n<br>Và em muốn hỏi anh rằng \"chúng ta là thế nào?\"\r\n<br>Rồi... lặng người đến vô tận, trách sao được sự tàn nhẫn \r\n<br>Anh trót vô tình.. thương em như- là- em- gái...\r\n<br>\r\n<br>Chorus:\r\n<br>Đừng lo lắng về em khi mà em... vẫn còn yêu anh\r\n<br>Càng xa lánh, càng trống vắng... tim cứ đau và nhớ lắm...\r\n<br>Đành phải buông hết tất cả thôi, nụ cười mỉm sau bờ môi\r\n<br>Ấm áp dịu dàng vai anh, em đã bao lần yên giấc...\r\n<br>\r\n<br>Nhìn trên cao khoảng Trời yêu mà em lỡ dành cho anh, \r\n<br>Giờ mây đen quyện thành bão, giông tố đang dần kéo đến\r\n<br>Chồi non háo hức đang đợi mưa, rất giống em ngày xưa\r\n<br>Mưa trôi để lại ngây thơ, trong giấc mơ buốt lạnh\r\n<br>\r\n<br>(Nhớ nhưng chẳng thể ở bên\r\n<br>Hết nước mắt lòng buồn tênh\r\n<br>You can not feel my love...)\r\n<br>\r\n<br>Tựa như yêu nhưng... đến khi ai đó chối từ\r\n<br>Trời đất như rung chuyển một người... vỡ mộng.', 337273524, '', 13, 1, 1),
(18, 'Sống Xa Anh Chẳng Dễ Dàng', 'songxaanhchangdedang.jpg', 'Song-Xa-Anh-Chang-De-Dang-Bao-Anh.mp3', 'Nhìn vào hư không... ngước vô định vào xa xăm\r\n<br>Thở dài tiếc nuối biết bao ân hận... với một người\r\n<br>Nặng lời nhau đau vỡ trái tim, người tổn thương.. đi rồi\r\n<br>Nhận ra phải sống xa anh chẳng dễ dàng\r\n<br> \r\n<br>Ong đã biết... cần hoa lấy mật\r\n<br>Biết đợi nắng.. sưởi ấm mỗi ngày\r\n<br>Em giờ không trẻ con như trước\r\n<br>sẽ không để lạc nhau dù một bước\r\n<br> \r\n<br>Chorus:\r\n<br>Nếu quá khứ có trở lại\r\n<br>Hứa với anh - sẽ chẳng còn sự khờ dại và\r\n<br>sẽ yêu anh êm đềm vững chãi\r\n<br>Gió thôi gợn sóng trả lại mặt hồ yên ả\r\n<br> \r\n<br>Có những nỗi nhớ lấn át\r\n<br>Chẳng biết vui bao giờ để nở nụ cười buồn\r\n<br>Trái tim em bây giờ chẳng khác,\r\n<br>Có cả thế giới nhưng trong lòng lại chơi vơi\r\n<br>Vì anh chính là cả cuộc đời\r\n<br>(anh chiếm hết cả cuộc đời)\r\n<br> \r\n<br>Giang tấu:\r\n<br>Từ lâu tôi nghĩ rằng bao ngốc nghếch chịu đựng vì yêu ai cũng trải qua\r\n<br>Người yêu dỗi hờn hay trách móc là quan tâm đến ta.\r\n<br>Chẳng hiểu sao hai đứa cứ xa dần, thương nhưng vẫn không sao lại gần nữa...\r\n<br> \r\n<br>Chorus cuối:\r\n<br>Nhắm mắt nhớ phút đắm đuối\r\n<br>Lúc đôi môi anh thì thầm gọi nhẹ \"babe\"\r\n<br>Thắm thiết hôn từ sau\r\n<br>Có những cảm giác ám ảnh chẳng thề phai màu...\r\n<br> \r\n<br>(I just cant stop missing you bae...)\r\n<br>Nhưng không - ta đã kết thúc\r\n<br>Chẳng thể nói ra lời thật lòng muộn màng để nói câu \r\n<br>\"Em xin lỗi...\"\r\n<br>Buông xuôi quá khứ chấp nhận vùi bao nhớ thương\r\n<br>dù ngọt đắng... cũng chỉ vì anh\r\n<br> \r\n<br>End:\r\n<br>Nặng lời nhau đau vỡ trái tim, người tổn thương.. không về', 196105749, '', 14, 1, 1),
(26, 'Người Ấy', 'nguoiay.jpg', 'Nguoi-Ay-Trinh-Thang-Binh.mp3', 'Hôm qua anh thấy...\r\n<br>Ôi người ấy, đang trong tay với cô nào đấy?\r\n<br>Giật mình nhận ra không phải em,\r\n<br>Chẳng biết em bây giờ đang ở đâu?\r\n<br>\r\n<br>Bao lâu ta đã không gặp nhau?\r\n<br>Bao lâu chưa hỏi thăm vài câu?\r\n<br>Nào ngờ hôm nay anh thấy thế này.\r\n<br>Chẳng biết phải nên làm gì đây?\r\n<br>\r\n<br>Chưa 1 lần anh hết thắc mắc, sao em lìa xa anh này?\r\n<br>Để tiếp tục con đường yêu bên cạnh người ấy.\r\n<br>Chưa 1 lần anh ngưng suy nghĩ, anh đã làm sai điều gì?\r\n<br>Hay là còn điều gì anh chưa bằng người ấy?\r\n<br>\r\n<br>Người ấy có tốt với em, yêu em như anh đã từng yêu?\r\n<br>Người ấy có biết tính em hay trách móc, thích nuông chiều?\r\n<br>Anh nhớ em nhiều...Anh nhớ em nhiều...\r\n<br>Sao để lòng vơi bớt đi bao đêm đợi mong?\r\n<br>\r\n<br>Người ấy có lớn tiếng hay luôn khiến em đau buồn không?\r\n<br>Người ấy có biết quý em hay yêu thương em thật lòng?\r\n<br>Anh nhớ em nhiều...Anh nhớ em nhiều...\r\n<br>Sao cho lòng vơi bớt đi nỗi buồn, nỗi đau trong lòng anh.', 52134525, '', 15, 1, 1),
(27, 'Who Are You', 'trinhthangbinh.jpg', 'Nguoi-Ay-Trinh-Thang-Binh.mp3', '<p><span style=\"color: #333333; font-family: Roboto, Helvetica, Arial, sans-serif;\">H&ocirc;m qua anh thấy, &ocirc;i người ấy đang trong tay với c&ocirc; n&agrave;o đấy?&nbsp;</span><br style=\"color: #333333; font-family: Roboto, Helvetica, Arial, sans-serif;\" /><span style=\"color: #333333; font-family: Roboto, Helvetica, Arial, sans-serif;\">Giật m&igrave;nh nhận ra kh&ocirc;ng phải em, chẳng biết em b&acirc;y giờ đang ở đ&acirc;u?&nbsp;</span><br style=\"color: #333333; font-family: Roboto, Helvetica, Arial, sans-serif;\" /><span style=\"color: #333333; font-family: Roboto, Helvetica, Arial, sans-serif;\">Bao l&acirc;u ta đ&atilde; kh&ocirc;ng gặp nhau, bao l&acirc;u chưa hỏi em v&agrave;i c&acirc;u ..&nbsp;</span><br style=\"color: #333333; font-family: Roboto, Helvetica, Arial, sans-serif;\" /><span style=\"color: #333333; font-family: Roboto, Helvetica, Arial, sans-serif;\">N&agrave;o ngờ h&ocirc;m nay anh thấy thế n&agrave;y, chẳng biết phải n&ecirc;n l&agrave;m g&igrave; đ&acirc;y?&nbsp;</span><br style=\"color: #333333; font-family: Roboto, Helvetica, Arial, sans-serif;\" /><span style=\"color: #333333; font-family: Roboto, Helvetica, Arial, sans-serif;\">Chưa một lần anh hết thắc mắc, sao em l&igrave;a xa anh n&agrave;y ..&nbsp;</span><br style=\"color: #333333; font-family: Roboto, Helvetica, Arial, sans-serif;\" /><br style=\"color: #333333; font-family: Roboto, Helvetica, Arial, sans-serif;\" /><span style=\"color: #333333; font-family: Roboto, Helvetica, Arial, sans-serif;\">Để tiếp tục con đường y&ecirc;u b&ecirc;n cạnh người ấy ..&nbsp;</span><br style=\"color: #333333; font-family: Roboto, Helvetica, Arial, sans-serif;\" /><span style=\"color: #333333; font-family: Roboto, Helvetica, Arial, sans-serif;\">Chưa một lần anh ngưng suy nghĩ, anh đ&atilde; l&agrave;m sai điều g&igrave;?&nbsp;</span><br style=\"color: #333333; font-family: Roboto, Helvetica, Arial, sans-serif;\" /><span style=\"color: #333333; font-family: Roboto, Helvetica, Arial, sans-serif;\">Hay l&agrave; c&ograve;n điều g&igrave; anh chưa bằng người ấy ??&nbsp;</span><br style=\"color: #333333; font-family: Roboto, Helvetica, Arial, sans-serif;\" /><span style=\"color: #333333; font-family: Roboto, Helvetica, Arial, sans-serif;\">Người ấy c&oacute; tốt với em, y&ecirc;u em như anh đ&atilde; từng y&ecirc;u?&nbsp;</span><br style=\"color: #333333; font-family: Roboto, Helvetica, Arial, sans-serif;\" /><span style=\"color: #333333; font-family: Roboto, Helvetica, Arial, sans-serif;\">Người ấy c&oacute; biết t&iacute;nh em hay tr&aacute;ch m&oacute;c, th&iacute;ch nu&ocirc;ng chiều&nbsp;</span><br style=\"color: #333333; font-family: Roboto, Helvetica, Arial, sans-serif;\" /><br style=\"color: #333333; font-family: Roboto, Helvetica, Arial, sans-serif;\" /><span style=\"color: #333333; font-family: Roboto, Helvetica, Arial, sans-serif;\">Anh nhớ em nhiều, anh nhớ em nhiều&nbsp;</span><br style=\"color: #333333; font-family: Roboto, Helvetica, Arial, sans-serif;\" /><span style=\"color: #333333; font-family: Roboto, Helvetica, Arial, sans-serif;\">Sao để l&ograve;ng vơi bớt đi bao đ&ecirc;m đợi mong?&nbsp;</span><br style=\"color: #333333; font-family: Roboto, Helvetica, Arial, sans-serif;\" /><span style=\"color: #333333; font-family: Roboto, Helvetica, Arial, sans-serif;\">Người ấy c&oacute; lớn tiếng hay lu&ocirc;n khiến em đau buồn kh&ocirc;ng?&nbsp;</span><br style=\"color: #333333; font-family: Roboto, Helvetica, Arial, sans-serif;\" /><span style=\"color: #333333; font-family: Roboto, Helvetica, Arial, sans-serif;\">Người ấy c&oacute; biết qu&yacute; em hay y&ecirc;u thương em thật l&ograve;ng?&nbsp;</span><br style=\"color: #333333; font-family: Roboto, Helvetica, Arial, sans-serif;\" /><span style=\"color: #333333; font-family: Roboto, Helvetica, Arial, sans-serif;\">Anh nhớ em nhiều, anh nhớ em nhiều!!&nbsp;</span><br style=\"color: #333333; font-family: Roboto, Helvetica, Arial, sans-serif;\" /><span style=\"color: #333333; font-family: Roboto, Helvetica, Arial, sans-serif;\">Sao cho l&ograve;ng vơi bớt đi nỗi buồn, nỗi đau trong l&ograve;ng anh?&nbsp;</span><br style=\"color: #333333; font-family: Roboto, Helvetica, Arial, sans-serif;\" /><br style=\"color: #333333; font-family: Roboto, Helvetica, Arial, sans-serif;\" /><span style=\"color: #333333; font-family: Roboto, Helvetica, Arial, sans-serif;\">Lời 2:&nbsp;</span><br style=\"color: #333333; font-family: Roboto, Helvetica, Arial, sans-serif;\" /><br style=\"color: #333333; font-family: Roboto, Helvetica, Arial, sans-serif;\" /><span style=\"color: #333333; font-family: Roboto, Helvetica, Arial, sans-serif;\">Chưa một lần anh hết thắc mắc, sao em l&igrave;a xa anh n&agrave;y ..&nbsp;</span><br style=\"color: #333333; font-family: Roboto, Helvetica, Arial, sans-serif;\" /><span style=\"color: #333333; font-family: Roboto, Helvetica, Arial, sans-serif;\">Để tiếp tục con đường y&ecirc;u b&ecirc;n cạnh người ấy&nbsp;</span><br style=\"color: #333333; font-family: Roboto, Helvetica, Arial, sans-serif;\" /><span style=\"color: #333333; font-family: Roboto, Helvetica, Arial, sans-serif;\">Chưa bao giờ anh ngưng suy nghĩ, anh đ&atilde; l&agrave;m sai điều g&igrave;??&nbsp;</span><br style=\"color: #333333; font-family: Roboto, Helvetica, Arial, sans-serif;\" /><span style=\"color: #333333; font-family: Roboto, Helvetica, Arial, sans-serif;\">Hay l&agrave; c&ograve;n điều g&igrave; anh chưa bằng người ấy??&nbsp;</span><br style=\"color: #333333; font-family: Roboto, Helvetica, Arial, sans-serif;\" /><span style=\"color: #333333; font-family: Roboto, Helvetica, Arial, sans-serif;\">Người ấy c&oacute; tốt với em, y&ecirc;u em như anh đ&atilde; từng y&ecirc;u ??&nbsp;</span><br style=\"color: #333333; font-family: Roboto, Helvetica, Arial, sans-serif;\" /><span style=\"color: #333333; font-family: Roboto, Helvetica, Arial, sans-serif;\">Người ấy c&oacute; biết t&iacute;nh em hay tr&aacute;ch m&oacute;c, th&iacute;ch nu&ocirc;ng chiều&nbsp;</span><br style=\"color: #333333; font-family: Roboto, Helvetica, Arial, sans-serif;\" /><br style=\"color: #333333; font-family: Roboto, Helvetica, Arial, sans-serif;\" /><span style=\"color: #333333; font-family: Roboto, Helvetica, Arial, sans-serif;\">Anh nhớ em nhiều, anh nhớ em nhiều ..&nbsp;</span><br style=\"color: #333333; font-family: Roboto, Helvetica, Arial, sans-serif;\" /><span style=\"color: #333333; font-family: Roboto, Helvetica, Arial, sans-serif;\">Sao cho l&ograve;ng vơi bớt đi bao đ&ecirc;m đợi mong??&nbsp;</span><br style=\"color: #333333; font-family: Roboto, Helvetica, Arial, sans-serif;\" /><span style=\"color: #333333; font-family: Roboto, Helvetica, Arial, sans-serif;\">Người ấy c&oacute; lớn tiếng hay lu&ocirc;n khiến em đau buồn kh&ocirc;ng??&nbsp;</span><br style=\"color: #333333; font-family: Roboto, Helvetica, Arial, sans-serif;\" /><span style=\"color: #333333; font-family: Roboto, Helvetica, Arial, sans-serif;\">Người ấy c&oacute; biết qu&yacute; em hay y&ecirc;u thương em thật l&ograve;ng??&nbsp;</span><br style=\"color: #333333; font-family: Roboto, Helvetica, Arial, sans-serif;\" /><br style=\"color: #333333; font-family: Roboto, Helvetica, Arial, sans-serif;\" /><span style=\"color: #333333; font-family: Roboto, Helvetica, Arial, sans-serif;\">Anh nhớ em nhiều, anh nhớ em nhiều!!&nbsp;</span><br style=\"color: #333333; font-family: Roboto, Helvetica, Arial, sans-serif;\" /><span style=\"color: #333333; font-family: Roboto, Helvetica, Arial, sans-serif;\">Sao cho l&ograve;ng vơi bớt đi nỗi buồn, nỗi đau trong l&ograve;ng anh??&nbsp;</span><br style=\"color: #333333; font-family: Roboto, Helvetica, Arial, sans-serif;\" /><span style=\"color: #333333; font-family: Roboto, Helvetica, Arial, sans-serif;\">Người ấy c&oacute; tốt với em, y&ecirc;u em như anh đ&atilde; từng y&ecirc;u??&nbsp;</span><br style=\"color: #333333; font-family: Roboto, Helvetica, Arial, sans-serif;\" /><span style=\"color: #333333; font-family: Roboto, Helvetica, Arial, sans-serif;\">Người ấy c&oacute; biết t&iacute;nh em hay tr&aacute;ch m&oacute;c, th&iacute;ch nu&ocirc;ng chiều??&nbsp;</span><br style=\"color: #333333; font-family: Roboto, Helvetica, Arial, sans-serif;\" /><br style=\"color: #333333; font-family: Roboto, Helvetica, Arial, sans-serif;\" /><span style=\"color: #333333; font-family: Roboto, Helvetica, Arial, sans-serif;\">Anh nhớ em nhiều ..nhớ em nhiều!!&nbsp;</span><br style=\"color: #333333; font-family: Roboto, Helvetica, Arial, sans-serif;\" /><span style=\"color: #333333; font-family: Roboto, Helvetica, Arial, sans-serif;\">Cho l&ograve;ng vơi bớt đi bao đ&ecirc;m đợi mong??&nbsp;</span><br style=\"color: #333333; font-family: Roboto, Helvetica, Arial, sans-serif;\" /><span style=\"color: #333333; font-family: Roboto, Helvetica, Arial, sans-serif;\">Người ấy c&oacute; tốt với em, y&ecirc;u em như anh đ&atilde; từng y&ecirc;u??&nbsp;</span><br style=\"color: #333333; font-family: Roboto, Helvetica, Arial, sans-serif;\" /><span style=\"color: #333333; font-family: Roboto, Helvetica, Arial, sans-serif;\">Người ấy c&oacute; biết t&iacute;nh em hay tr&aacute;ch m&oacute;c, th&iacute;ch nu&ocirc;ng chiều&nbsp;</span><br style=\"color: #333333; font-family: Roboto, Helvetica, Arial, sans-serif;\" /><br style=\"color: #333333; font-family: Roboto, Helvetica, Arial, sans-serif;\" /><span style=\"color: #333333; font-family: Roboto, Helvetica, Arial, sans-serif;\">Anh nhớ em nhiều ..nhớ em nhiều!!&nbsp;</span><br style=\"color: #333333; font-family: Roboto, Helvetica, Arial, sans-serif;\" /><span style=\"color: #333333; font-family: Roboto, Helvetica, Arial, sans-serif;\">Sao cho l&ograve;ng vơi bớt đi bao đ&ecirc;m đợi mong??&nbsp;</span><br style=\"color: #333333; font-family: Roboto, Helvetica, Arial, sans-serif;\" /><span style=\"color: #333333; font-family: Roboto, Helvetica, Arial, sans-serif;\">Người ấy c&oacute; lớn tiếng hay lu&ocirc;n khiến em đau buồn kh&ocirc;ng?&nbsp;</span><br style=\"color: #333333; font-family: Roboto, Helvetica, Arial, sans-serif;\" /><span style=\"color: #333333; font-family: Roboto, Helvetica, Arial, sans-serif;\">Người ấy c&oacute; biết qu&yacute; em ', 52134525, '', 15, 3, 3),
(28, 'Look Om', 'SUNGHAJUNG.jpg', 'WhatChaRaWaLee-Look-Om-guitar-Sungha-Jung.mp3', 'Lyrics của bài hát này chưa được cập nhật....', 34525, '', 17, 3, 1);

-- --------------------------------------------------------

--
-- Cấu trúc bảng cho bảng `type`
--

CREATE TABLE `type` (
  `id_type` int(8) NOT NULL,
  `nametype` varchar(255) COLLATE utf8_unicode_ci NOT NULL,
  `description` varchar(10000) COLLATE utf8_unicode_ci NOT NULL,
  `id_nation` int(8) NOT NULL
) ENGINE=InnoDB DEFAULT CHARSET=utf8 COLLATE=utf8_unicode_ci;

--
-- Đang đổ dữ liệu cho bảng `type`
--

INSERT INTO `type` (`id_type`, `nametype`, `description`, `id_nation`) VALUES
(1, 'Nhạc Trẻ', '<p>Nhạc trẻ (đôi khi còn được gọi là nhạc xanh) là hiện tượng âm nhạc xuất hiện ở miền Nam vào đầu thập niên 1960, ảnh hưởng bởi âm nhạc đương đại của châu Âu và Mỹ. Các bài hát nhạc trẻ thời đó thường là giai điệu đơn giản, dễ nhớ, điệu Chachacha, Disco, Twist, thậm chí Fox, Tango (các nhạc sĩ nhạc nhẹ trong nước thập niên 1980 cũng hay sử dụng các điệu này), rất ít rock và pop ballad, khác với nhạc trẻ hiện đại ảnh hưởng nhiều của Pop và Rock.</p>', 1),
(2, 'Nhạc Ballad', '<p>Nguyên thủy, ballad bắt nguồn từ dòng nhạc country và folk vì giai điệu chậm, thong thả (thường được độc tấu như piano, guitar hoặc violin). Có lẽ ballad nên tự hào vì chính nó là một trong những loại nhạc dùng từ ngữ \"sang nhất\" - không hoa mỹ, nhưng đủ để tạo cảm hứng; và làm cho người nghe có cảm giác dễ chịu khi thưởng thức. Tuy nhiên, ngày nay ballad đã bị pha trộn bởi nhiều thể loại nhạc khác (rock ballad, ballad opera, folk ballad) nhưng pop ballad vẫn được chú ý nhất.</p>', 1),
(3, 'Nhạc Bolero', '<p>Boléro Việt Nam (tiếng Tây Ban Nha: Bolero) là một điệu nhạc của Mỹ Latinh du nhập và phổ biến trong các bài hát tại miền nam Việt Nam từ thập niên 1950 đến nay. Hầu hết các bài hát theo điệu boléro ở Việt Nam đều mang đậm chất dân ca, giai điệu đều, chậm, lời ca vần và dễ thuộc, chủ đề đơn giản, ít có tính hình tượng và mang tính triết lý.</p>', 1),
(4, 'Nhạc Vàng', '<p>Nhạc vàng[1] là tên gọi dòng tân nhạc Việt Nam ra đời trong thập niên 1960 với lời ca trữ tình bình dân được viết trên những giai điệu chậm buồn đều đều (bolero, rumba, ballade...), âm hưởng dân ca, hát bằng giọng thứ quãng âm trung hoặc trầm. Đôi khi nhạc vàng còn được dùng chỉ các bài thời tiền chiến hay \"tình khúc 1954-1975\" chậm buồn nhưng giai điệu khác với nhạc vàng, hay một số bài đậm chất dân gian nhưng không mang đặc trưng của nhạc vàng theo nghĩa phổ thông (nhiều bài đậm chất dân gian theo điệu chachacha). Đặc trưng của dòng nhạc này là lời ca giản dị, câu nhạc dễ nghe, chất chứa nỗi niềm của một bộ phận trong xã hội, chủ yếu là những người nghèo, bình dân.</p>', 1),
(5, 'Pop', 'Nhạc pop\r\nNguồn gốc từ loại nhạc	Pop truyền thống • Rhythm and blues • Jazz • Dân ca • Doo-wop • Dance • Classical • Rock and roll\r\nKhởi nguồn từ văn hóa	Thập niên 1950,  United Kingdom và  Hoa Kỳ\r\nNhạc cụ điển hình	Giọng hát • Bộ chỉnh âm tổng hợp • Trống điện • Ghita bass • Trống • Nhạc cụ có phím • Ghita đệm • Piano • v.v...\r\nĐộ phổ biến	Toàn thế giới\r\nTiểu thể loại\r\nBaroque pop • Pakistan • Bubblegum pop • Christian pop • Dance-pop • Europop • Operatic pop • Power pop • Nhạc phim • Sophisti-pop • Synthpop • Space age pop • Sunshine pop • Traditional pop • Teen pop\r\nThể loại hỗn hợp phong cách\r\nCountry pop • Bubblegum pop • Disco • Dream pop • Jangle pop • Pop punk • Pop rock • Psychedelic pop • Technopop • Urban pop • Indie pop • Wonky pop\r\nSân khấu vùng\r\nTrung Quốc • Nhật Bản • Hàn Quốc • Latin • Malaysia • Philippines • Đài Loan • Mỹ • Liên hiệp Anh  • Việt Nam\r\nNhạc pop (viết tắt của cụm từ tiếng Anh: Popular music, tiếng Việt: Nhạc phổ thông) là một thể loại của nhạc đương đại và rất phổ biến trong làng nhạc đại chúng. Nhạc pop bắt đầu từ thập niên 1950 và có nguồn gốc từ nhạc rock and roll.[1] Thuật ngữ này không cho biết một cách chính xác về thể loại nhạc hay âm thanh riêng lẻ nào mà nghĩa của nó lại rất khác nhau phụ thuộc vào từng khoảng thời gian trong lịch sử của nó và từng địa điểm khác nhau trên thế giới.[1] Trong làng nhạc đại chúng thì nhạc Pop thường được phân biệt với các thể loại khác nhờ một số đặc điểm về phong cách nghệ thuật, những giai điệu đơn giản dễ nghe, cùng với một số đoạn trong bài hát được lặp đi lặp lại. Ca từ trong nhạc pop thường nói tới tình yêu, cảm xúc và một số chủ đề khác.', 2);

-- --------------------------------------------------------

--
-- Cấu trúc bảng cho bảng `user`
--

CREATE TABLE `user` (
  `id_user` int(8) NOT NULL,
  `user` varchar(255) COLLATE utf8_unicode_ci NOT NULL,
  `password` varchar(24) COLLATE utf8_unicode_ci NOT NULL,
  `email` varchar(255) COLLATE utf8_unicode_ci NOT NULL
) ENGINE=InnoDB DEFAULT CHARSET=utf8 COLLATE=utf8_unicode_ci;

--
-- Đang đổ dữ liệu cho bảng `user`
--

INSERT INTO `user` (`id_user`, `user`, `password`, `email`) VALUES
(1, 'ntt', 'ntt', ''),
(2, 'admin', 'admin', '');

--
-- Chỉ mục cho các bảng đã đổ
--

--
-- Chỉ mục cho bảng `nation`
--
ALTER TABLE `nation`
  ADD PRIMARY KEY (`id_nation`);

--
-- Chỉ mục cho bảng `singer`
--
ALTER TABLE `singer`
  ADD PRIMARY KEY (`id_singer`),
  ADD KEY `id_nation` (`id_nation`);

--
-- Chỉ mục cho bảng `song`
--
ALTER TABLE `song`
  ADD PRIMARY KEY (`id_song`),
  ADD KEY `id_singer` (`id_singer`,`id_type`,`id_national`),
  ADD KEY `id_type` (`id_type`),
  ADD KEY `id_national` (`id_national`);

--
-- Chỉ mục cho bảng `type`
--
ALTER TABLE `type`
  ADD PRIMARY KEY (`id_type`),
  ADD KEY `id_nation` (`id_nation`);

--
-- Chỉ mục cho bảng `user`
--
ALTER TABLE `user`
  ADD PRIMARY KEY (`id_user`);

--
-- AUTO_INCREMENT cho các bảng đã đổ
--

--
-- AUTO_INCREMENT cho bảng `nation`
--
ALTER TABLE `nation`
  MODIFY `id_nation` int(8) NOT NULL AUTO_INCREMENT, AUTO_INCREMENT=5;

--
-- AUTO_INCREMENT cho bảng `singer`
--
ALTER TABLE `singer`
  MODIFY `id_singer` int(8) NOT NULL AUTO_INCREMENT, AUTO_INCREMENT=25;

--
-- AUTO_INCREMENT cho bảng `song`
--
ALTER TABLE `song`
  MODIFY `id_song` int(8) NOT NULL AUTO_INCREMENT, AUTO_INCREMENT=33;

--
-- AUTO_INCREMENT cho bảng `type`
--
ALTER TABLE `type`
  MODIFY `id_type` int(8) NOT NULL AUTO_INCREMENT, AUTO_INCREMENT=7;

--
-- AUTO_INCREMENT cho bảng `user`
--
ALTER TABLE `user`
  MODIFY `id_user` int(8) NOT NULL AUTO_INCREMENT, AUTO_INCREMENT=3;

--
-- Các ràng buộc cho các bảng đã đổ
--

--
-- Các ràng buộc cho bảng `singer`
--
ALTER TABLE `singer`
  ADD CONSTRAINT `singer_ibfk_1` FOREIGN KEY (`id_nation`) REFERENCES `nation` (`id_nation`);

--
-- Các ràng buộc cho bảng `song`
--
ALTER TABLE `song`
  ADD CONSTRAINT `song_ibfk_1` FOREIGN KEY (`id_national`) REFERENCES `nation` (`id_nation`),
  ADD CONSTRAINT `song_ibfk_2` FOREIGN KEY (`id_singer`) REFERENCES `singer` (`id_singer`),
  ADD CONSTRAINT `song_ibfk_3` FOREIGN KEY (`id_type`) REFERENCES `type` (`id_type`);

--
-- Các ràng buộc cho bảng `type`
--
ALTER TABLE `type`
  ADD CONSTRAINT `type_ibfk_1` FOREIGN KEY (`id_nation`) REFERENCES `nation` (`id_nation`);
COMMIT;

/*!40101 SET CHARACTER_SET_CLIENT=@OLD_CHARACTER_SET_CLIENT */;
/*!40101 SET CHARACTER_SET_RESULTS=@OLD_CHARACTER_SET_RESULTS */;
/*!40101 SET COLLATION_CONNECTION=@OLD_COLLATION_CONNECTION */;
